sample_id,bert_alerts
1,[]
2,"[{""offset"":28,""char"":""曰"",""error_prob"":0.9563},{""offset"":37,""char"":""敎"",""error_prob"":0.9423},{""offset"":175,""char"":""逐"",""error_prob"":0.86}]"
3,"[{""offset"":256,""char"":""丗"",""error_prob"":0.9917},{""offset"":269,""char"":""卋"",""error_prob"":0.9945},{""offset"":290,""char"":""丗"",""error_prob"":0.9926},{""offset"":300,""char"":""丗"",""error_prob"":0.9903},{""offset"":373,""char"":""丗"",""error_prob"":0.949}]"
4,"[{""offset"":174,""char"":""飮"",""error_prob"":0.9574}]"
5,"[{""offset"":192,""char"":""孰"",""error_prob"":0.9501},{""offset"":223,""char"":""工"",""error_prob"":0.8344},{""offset"":322,""char"":""疑"",""error_prob"":0.9847},{""offset"":369,""char"":""收"",""error_prob"":0.8528},{""offset"":371,""char"":""襄"",""error_prob"":0.9361}]"
6,"[{""offset"":274,""char"":""邰"",""error_prob"":0.9165}]"
7,[]
8,"[{""offset"":257,""char"":""阜"",""error_prob"":0.8609}]"
9,"[{""offset"":93,""char"":""廁"",""error_prob"":0.9115},{""offset"":101,""char"":""廁"",""error_prob"":0.9406},{""offset"":368,""char"":""弁"",""error_prob"":0.981}]"
10,"[{""offset"":46,""char"":""侯"",""error_prob"":0.8387},{""offset"":138,""char"":""騊"",""error_prob"":0.9903}]"
11,[]
12,"[{""offset"":51,""char"":""哀"",""error_prob"":0.9826},{""offset"":257,""char"":""丗"",""error_prob"":0.9252},{""offset"":272,""char"":""侔"",""error_prob"":0.8013},{""offset"":275,""char"":""蓋"",""error_prob"":0.8476},{""offset"":378,""char"":""丗"",""error_prob"":0.9767}]"
13,[]
14,"[{""offset"":46,""char"":""曰"",""error_prob"":0.9913},{""offset"":81,""char"":""葉"",""error_prob"":0.8637},{""offset"":150,""char"":""醢"",""error_prob"":0.8202}]"
15,"[{""offset"":140,""char"":""巷"",""error_prob"":0.8668},{""offset"":228,""char"":""投"",""error_prob"":0.8789},{""offset"":254,""char"":""攺"",""error_prob"":0.9423},{""offset"":334,""char"":""投"",""error_prob"":0.8745}]"
16,"[{""offset"":296,""char"":""吏"",""error_prob"":0.8209},{""offset"":329,""char"":""机"",""error_prob"":0.9966},{""offset"":330,""char"":""郝"",""error_prob"":0.8986},{""offset"":352,""char"":""興"",""error_prob"":0.971},{""offset"":433,""char"":""爲"",""error_prob"":0.8828}]"
17,"[{""offset"":163,""char"":""隘"",""error_prob"":0.8351},{""offset"":392,""char"":""照"",""error_prob"":0.8676},{""offset"":452,""char"":""己"",""error_prob"":0.909}]"
18,"[{""offset"":23,""char"":""曰"",""error_prob"":0.9902}]"
19,"[{""offset"":141,""char"":""丗"",""error_prob"":0.9854},{""offset"":142,""char"":""丗"",""error_prob"":0.9934},{""offset"":234,""char"":""庠"",""error_prob"":0.9777},{""offset"":382,""char"":""曽"",""error_prob"":0.8571}]"
20,[]
21,"[{""offset"":270,""char"":""白"",""error_prob"":0.9569},{""offset"":352,""char"":""臯"",""error_prob"":0.8443}]"
22,"[{""offset"":260,""char"":""遊"",""error_prob"":0.8775}]"
23,"[{""offset"":164,""char"":""白"",""error_prob"":0.8353},{""offset"":348,""char"":""己"",""error_prob"":0.8804},{""offset"":385,""char"":""摰"",""error_prob"":0.9489},{""offset"":451,""char"":""蘭"",""error_prob"":0.9764}]"
24,"[{""offset"":182,""char"":""欬"",""error_prob"":0.9651},{""offset"":249,""char"":""䘏"",""error_prob"":0.8315},{""offset"":265,""char"":""䘏"",""error_prob"":0.8547},{""offset"":436,""char"":""人"",""error_prob"":0.8562},{""offset"":455,""char"":""棗"",""error_prob"":0.8583}]"
25,"[{""offset"":19,""char"":""迥"",""error_prob"":0.9704},{""offset"":25,""char"":""迥"",""error_prob"":0.9617},{""offset"":83,""char"":""令"",""error_prob"":0.8881},{""offset"":180,""char"":""十"",""error_prob"":0.8519},{""offset"":393,""char"":""敵"",""error_prob"":0.8237},{""offset"":481,""char"":""己"",""error_prob"":0.88}]"
26,"[{""offset"":290,""char"":""怕"",""error_prob"":0.8543},{""offset"":548,""char"":""井"",""error_prob"":0.8545}]"
27,[]
28,"[{""offset"":46,""char"":""憚"",""error_prob"":0.8098},{""offset"":73,""char"":""湮"",""error_prob"":0.9509},{""offset"":292,""char"":""機"",""error_prob"":0.8216}]"
29,"[{""offset"":210,""char"":""仕"",""error_prob"":0.8855},{""offset"":250,""char"":""除"",""error_prob"":0.8268},{""offset"":265,""char"":""荀"",""error_prob"":0.801},{""offset"":283,""char"":""襄"",""error_prob"":0.9209},{""offset"":294,""char"":""裏"",""error_prob"":0.9677},{""offset"":312,""char"":""途"",""error_prob"":0.8296},{""offset"":326,""char"":""裏"",""error_prob"":0.9236},{""offset"":358,""char"":""翰"",""error_prob"":0.8086},{""offset"":390,""char"":""曰"",""error_prob"":0.9748},{""offset"":398,""char"":""曰"",""error_prob"":0.9695},{""offset"":506,""char"":""浜"",""error_prob"":0.9804}]"
30,"[{""offset"":56,""char"":""瓣"",""error_prob"":0.9585},{""offset"":78,""char"":""零"",""error_prob"":0.8513},{""offset"":221,""char"":""蘭"",""error_prob"":0.8373},{""offset"":273,""char"":""冉"",""error_prob"":0.9831},{""offset"":299,""char"":""今"",""error_prob"":0.9676},{""offset"":411,""char"":""竭"",""error_prob"":0.8998}]"
31,"[{""offset"":91,""char"":""賤"",""error_prob"":0.9159},{""offset"":101,""char"":""窹"",""error_prob"":0.943},{""offset"":123,""char"":""閻"",""error_prob"":0.9566},{""offset"":203,""char"":""閎"",""error_prob"":0.8122},{""offset"":209,""char"":""綺"",""error_prob"":0.8266},{""offset"":278,""char"":""閑"",""error_prob"":0.9013},{""offset"":318,""char"":""紙"",""error_prob"":0.8611},{""offset"":320,""char"":""拼"",""error_prob"":0.8402},{""offset"":348,""char"":""閎"",""error_prob"":0.882},{""offset"":391,""char"":""閎"",""error_prob"":0.9612},{""offset"":422,""char"":""閎"",""error_prob"":0.9122},{""offset"":463,""char"":""崑"",""error_prob"":0.8919}]"
32,"[{""offset"":56,""char"":""蠆"",""error_prob"":0.8754},{""offset"":101,""char"":""目"",""error_prob"":0.9502},{""offset"":240,""char"":""劑"",""error_prob"":0.9724},{""offset"":259,""char"":""誠"",""error_prob"":0.985}]"
33,"[{""offset"":141,""char"":""闊"",""error_prob"":0.9569},{""offset"":331,""char"":""諴"",""error_prob"":0.9874},{""offset"":445,""char"":""杏"",""error_prob"":0.856}]"
34,"[{""offset"":399,""char"":""井"",""error_prob"":0.8585},{""offset"":547,""char"":""劑"",""error_prob"":0.9534}]"
35,[]
36,"[{""offset"":107,""char"":""肻"",""error_prob"":0.9862},{""offset"":195,""char"":""今"",""error_prob"":0.8177}]"
37,"[{""offset"":188,""char"":""梠"",""error_prob"":0.9092}]"
38,"[{""offset"":61,""char"":""左"",""error_prob"":0.8684},{""offset"":75,""char"":""秦"",""error_prob"":0.9619},{""offset"":170,""char"":""㳂"",""error_prob"":0.832}]"
39,[]
40,"[{""offset"":76,""char"":""把"",""error_prob"":0.8834},{""offset"":142,""char"":""瓏"",""error_prob"":0.9978}]"
41,"[{""offset"":18,""char"":""獸"",""error_prob"":0.8112},{""offset"":52,""char"":""獲"",""error_prob"":0.8805},{""offset"":116,""char"":""溧"",""error_prob"":0.8637},{""offset"":144,""char"":""耒"",""error_prob"":0.9931},{""offset"":296,""char"":""冦"",""error_prob"":0.8518}]"
42,"[{""offset"":21,""char"":""已"",""error_prob"":0.9312},{""offset"":86,""char"":""開"",""error_prob"":0.8596},{""offset"":105,""char"":""闕"",""error_prob"":0.9488},{""offset"":116,""char"":""凡"",""error_prob"":0.9823},{""offset"":154,""char"":""令"",""error_prob"":0.9355},{""offset"":265,""char"":""天"",""error_prob"":0.8391}]"
43,"[{""offset"":170,""char"":""己"",""error_prob"":0.9482}]"
44,[]
45,"[{""offset"":188,""char"":""不"",""error_prob"":0.8881},{""offset"":224,""char"":""楽"",""error_prob"":0.9921},{""offset"":326,""char"":""沂"",""error_prob"":0.9362}]"
46,"[{""offset"":8,""char"":""育"",""error_prob"":0.8843},{""offset"":9,""char"":""沛"",""error_prob"":0.8331},{""offset"":153,""char"":""佤"",""error_prob"":0.9956}]"
47,[]
48,"[{""offset"":146,""char"":""比"",""error_prob"":0.8435},{""offset"":203,""char"":""鬢"",""error_prob"":0.8693}]"
49,"[{""offset"":61,""char"":""䍺"",""error_prob"":0.9044},{""offset"":94,""char"":""蠃"",""error_prob"":0.9159}]"
50,"[{""offset"":3,""char"":""痺"",""error_prob"":0.8833},{""offset"":79,""char"":""弋"",""error_prob"":0.8694},{""offset"":95,""char"":""鵁"",""error_prob"":0.8952}]"
51,[]
52,"[{""offset"":12,""char"":""闢"",""error_prob"":0.8948}]"
53,"[{""offset"":20,""char"":""稚"",""error_prob"":0.8322},{""offset"":21,""char"":""問"",""error_prob"":0.8034},{""offset"":134,""char"":""茫"",""error_prob"":0.9321},{""offset"":149,""char"":""峨"",""error_prob"":0.8457},{""offset"":297,""char"":""櫨"",""error_prob"":0.9646},{""offset"":351,""char"":""駁"",""error_prob"":0.9416},{""offset"":402,""char"":""兒"",""error_prob"":0.9013},{""offset"":516,""char"":""剛"",""error_prob"":0.8567}]"
54,"[{""offset"":10,""char"":""隍"",""error_prob"":0.9054}]"
55,[]
56,[]
57,[]
58,[]
59,"[{""offset"":237,""char"":""今"",""error_prob"":0.9448}]"
60,[]
61,[]
62,"[{""offset"":8,""char"":""遽"",""error_prob"":0.8934},{""offset"":20,""char"":""榖"",""error_prob"":0.8425},{""offset"":156,""char"":""騷"",""error_prob"":0.86},{""offset"":179,""char"":""頌"",""error_prob"":0.9772},{""offset"":236,""char"":""於"",""error_prob"":0.8952},{""offset"":258,""char"":""干"",""error_prob"":0.9134},{""offset"":331,""char"":""北"",""error_prob"":0.9068},{""offset"":352,""char"":""西"",""error_prob"":0.9255},{""offset"":419,""char"":""合"",""error_prob"":0.8428},{""offset"":460,""char"":""頸"",""error_prob"":0.9195},{""offset"":461,""char"":""頸"",""error_prob"":0.8453},{""offset"":485,""char"":""鹹"",""error_prob"":0.9095},{""offset"":587,""char"":""道"",""error_prob"":0.8976},{""offset"":591,""char"":""賔"",""error_prob"":0.9465},{""offset"":639,""char"":""即"",""error_prob"":0.9062},{""offset"":640,""char"":""即"",""error_prob"":0.8456},{""offset"":659,""char"":""即"",""error_prob"":0.9326},{""offset"":660,""char"":""即"",""error_prob"":0.8829},{""offset"":694,""char"":""庭"",""error_prob"":0.8501},{""offset"":750,""char"":""揚"",""error_prob"":0.9479},{""offset"":753,""char"":""辠"",""error_prob"":0.9689},{""offset"":788,""char"":""滅"",""error_prob"":0.821},{""offset"":790,""char"":""齒"",""error_prob"":0.9476},{""offset"":791,""char"":""悟"",""error_prob"":0.8595}]"
63,"[{""offset"":25,""char"":""逐"",""error_prob"":0.9276},{""offset"":89,""char"":""草"",""error_prob"":0.9694},{""offset"":261,""char"":""賛"",""error_prob"":0.8034},{""offset"":279,""char"":""趂"",""error_prob"":0.9758},{""offset"":335,""char"":""付"",""error_prob"":0.9841}]"
64,"[{""offset"":13,""char"":""毌"",""error_prob"":0.9706},{""offset"":31,""char"":""丈"",""error_prob"":0.9965},{""offset"":165,""char"":""閱"",""error_prob"":0.9118},{""offset"":193,""char"":""卻"",""error_prob"":0.8025}]"
65,"[{""offset"":71,""char"":""馬"",""error_prob"":0.9081},{""offset"":185,""char"":""今"",""error_prob"":0.8599},{""offset"":441,""char"":""锼"",""error_prob"":0.9015},{""offset"":452,""char"":""锼"",""error_prob"":0.9329}]"
66,"[{""offset"":104,""char"":""繕"",""error_prob"":0.9295},{""offset"":411,""char"":""蟆"",""error_prob"":0.9133},{""offset"":435,""char"":""蟆"",""error_prob"":0.8467}]"
67,"[{""offset"":223,""char"":""兩"",""error_prob"":0.9853}]"
68,"[{""offset"":66,""char"":""闓"",""error_prob"":0.9984},{""offset"":132,""char"":""抮"",""error_prob"":0.9321},{""offset"":166,""char"":""抮"",""error_prob"":0.8851},{""offset"":202,""char"":""宋"",""error_prob"":0.8944},{""offset"":208,""char"":""具"",""error_prob"":0.8626},{""offset"":209,""char"":""闕"",""error_prob"":0.8294},{""offset"":210,""char"":""𠔃"",""error_prob"":0.8374},{""offset"":238,""char"":""令"",""error_prob"":0.9255},{""offset"":259,""char"":""丗"",""error_prob"":0.9772},{""offset"":283,""char"":""幷"",""error_prob"":0.8486},{""offset"":302,""char"":""丗"",""error_prob"":0.9874},{""offset"":330,""char"":""頃"",""error_prob"":0.9766},{""offset"":344,""char"":""丗"",""error_prob"":0.9888},{""offset"":358,""char"":""丗"",""error_prob"":0.9895},{""offset"":404,""char"":""依"",""error_prob"":0.8849}]"
69,"[{""offset"":61,""char"":""厚"",""error_prob"":0.9809},{""offset"":211,""char"":""表"",""error_prob"":0.9079},{""offset"":273,""char"":""仔"",""error_prob"":0.838}]"
70,"[{""offset"":2,""char"":""府"",""error_prob"":0.8293},{""offset"":28,""char"":""東"",""error_prob"":0.9924},{""offset"":32,""char"":""道"",""error_prob"":0.8974},{""offset"":119,""char"":""東"",""error_prob"":0.9882},{""offset"":124,""char"":""緟"",""error_prob"":0.9984},{""offset"":151,""char"":""緟"",""error_prob"":0.9627},{""offset"":286,""char"":""井"",""error_prob"":0.9191},{""offset"":287,""char"":""年"",""error_prob"":0.8251},{""offset"":288,""char"":""未"",""error_prob"":0.8252}]"
71,"[{""offset"":25,""char"":""己"",""error_prob"":0.8873}]"
72,[]
73,"[{""offset"":237,""char"":""己"",""error_prob"":0.9255}]"
74,[]
75,"[{""offset"":83,""char"":""棘"",""error_prob"":0.8756}]"
76,"[{""offset"":278,""char"":""丗"",""error_prob"":0.9608}]"
77,"[{""offset"":79,""char"":""丗"",""error_prob"":0.9394},{""offset"":133,""char"":""芭"",""error_prob"":0.9813}]"
78,[]
79,[]
80,[]
81,"[{""offset"":0,""char"":""奉"",""error_prob"":0.8213}]"
82,"[{""offset"":65,""char"":""漠"",""error_prob"":0.9733},{""offset"":124,""char"":""楊"",""error_prob"":0.8701},{""offset"":336,""char"":""寅"",""error_prob"":0.997}]"
83,"[{""offset"":0,""char"":""少"",""error_prob"":0.8201}]"
84,"[{""offset"":106,""char"":""瀚"",""error_prob"":0.859},{""offset"":214,""char"":""尒"",""error_prob"":0.9784},{""offset"":326,""char"":""將"",""error_prob"":0.9456}]"
85,[]
86,[]
87,"[{""offset"":45,""char"":""喪"",""error_prob"":0.8042}]"
88,[]
89,"[{""offset"":140,""char"":""曗"",""error_prob"":0.8548},{""offset"":152,""char"":""煇"",""error_prob"":0.8947},{""offset"":184,""char"":""蘖"",""error_prob"":0.9382},{""offset"":289,""char"":""乎"",""error_prob"":0.8604},{""offset"":442,""char"":""悔"",""error_prob"":0.8608}]"
90,"[{""offset"":37,""char"":""戶"",""error_prob"":0.9464},{""offset"":184,""char"":""齡"",""error_prob"":0.9962},{""offset"":315,""char"":""齡"",""error_prob"":0.9966},{""offset"":389,""char"":""腵"",""error_prob"":0.9911},{""offset"":413,""char"":""齡"",""error_prob"":0.9961}]"
91,"[{""offset"":59,""char"":""濫"",""error_prob"":0.8211}]"
92,"[{""offset"":118,""char"":""焱"",""error_prob"":0.973}]"
93,"[{""offset"":261,""char"":""涯"",""error_prob"":0.9406},{""offset"":397,""char"":""羊"",""error_prob"":0.9171}]"
94,[]
95,[]
96,"[{""offset"":63,""char"":""輿"",""error_prob"":0.9804}]"
97,[]
98,"[{""offset"":81,""char"":""丗"",""error_prob"":0.8242},{""offset"":141,""char"":""几"",""error_prob"":0.9902}]"
99,"[{""offset"":216,""char"":""几"",""error_prob"":0.8741},{""offset"":232,""char"":""革"",""error_prob"":0.9037}]"
100,"[{""offset"":135,""char"":""疊"",""error_prob"":0.8447},{""offset"":160,""char"":""郎"",""error_prob"":0.9821},{""offset"":245,""char"":""母"",""error_prob"":0.8609}]"
101,"[{""offset"":64,""char"":""興"",""error_prob"":0.9815},{""offset"":257,""char"":""覲"",""error_prob"":0.9884},{""offset"":329,""char"":""鏤"",""error_prob"":0.8161},{""offset"":333,""char"":""印"",""error_prob"":0.8127},{""offset"":347,""char"":""飲"",""error_prob"":0.9523}]"
102,"[{""offset"":46,""char"":""袞"",""error_prob"":0.9978},{""offset"":72,""char"":""已"",""error_prob"":0.9392},{""offset"":148,""char"":""首"",""error_prob"":0.9923},{""offset"":292,""char"":""舂"",""error_prob"":0.8835}]"
103,"[{""offset"":287,""char"":""曆"",""error_prob"":0.9594}]"
104,"[{""offset"":133,""char"":""簙"",""error_prob"":0.9953},{""offset"":203,""char"":""槩"",""error_prob"":0.851},{""offset"":280,""char"":""餓"",""error_prob"":0.9649}]"
105,"[{""offset"":185,""char"":""曆"",""error_prob"":0.9335}]"
106,"[{""offset"":208,""char"":""裵"",""error_prob"":0.9834}]"
107,"[{""offset"":41,""char"":""兔"",""error_prob"":0.9275}]"
108,"[{""offset"":9,""char"":""減"",""error_prob"":0.9862},{""offset"":129,""char"":""榮"",""error_prob"":0.9733},{""offset"":188,""char"":""比"",""error_prob"":0.8602}]"
109,[]
110,"[{""offset"":9,""char"":""入"",""error_prob"":0.9629},{""offset"":98,""char"":""眊"",""error_prob"":0.8195},{""offset"":99,""char"":""燥"",""error_prob"":0.8033}]"
111,[]
112,[]
113,[]
114,"[{""offset"":21,""char"":""之"",""error_prob"":0.8329}]"
115,"[{""offset"":26,""char"":""違"",""error_prob"":0.8459}]"
116,[]
117,[]
118,"[{""offset"":41,""char"":""詰"",""error_prob"":0.8112},{""offset"":231,""char"":""亢"",""error_prob"":0.9007},{""offset"":272,""char"":""實"",""error_prob"":0.8823},{""offset"":273,""char"":""充"",""error_prob"":0.9738},{""offset"":347,""char"":""殘"",""error_prob"":0.9947}]"
119,"[{""offset"":116,""char"":""舂"",""error_prob"":0.9522},{""offset"":161,""char"":""接"",""error_prob"":0.8684},{""offset"":204,""char"":""例"",""error_prob"":0.871},{""offset"":416,""char"":""麥"",""error_prob"":0.9609}]"
120,"[{""offset"":260,""char"":""兇"",""error_prob"":0.9817}]"
121,"[{""offset"":75,""char"":""机"",""error_prob"":0.9871},{""offset"":110,""char"":""淂"",""error_prob"":0.991},{""offset"":117,""char"":""琣"",""error_prob"":0.9914},{""offset"":125,""char"":""叟"",""error_prob"":0.8648},{""offset"":143,""char"":""昼"",""error_prob"":0.9843},{""offset"":146,""char"":""㒷"",""error_prob"":0.8746},{""offset"":197,""char"":""峦"",""error_prob"":0.8711},{""offset"":240,""char"":""汍"",""error_prob"":0.8383}]"
122,"[{""offset"":98,""char"":""昼"",""error_prob"":0.8981},{""offset"":155,""char"":""忌"",""error_prob"":0.9698},{""offset"":189,""char"":""即"",""error_prob"":0.8902},{""offset"":230,""char"":""令"",""error_prob"":0.9914}]"
123,"[{""offset"":65,""char"":""心"",""error_prob"":0.8973},{""offset"":108,""char"":""宥"",""error_prob"":0.9854}]"
124,"[{""offset"":173,""char"":""設"",""error_prob"":0.9258},{""offset"":217,""char"":""慫"",""error_prob"":0.9713},{""offset"":218,""char"":""哉"",""error_prob"":0.9322},{""offset"":250,""char"":""鵉"",""error_prob"":0.8039}]"
125,"[{""offset"":30,""char"":""衡"",""error_prob"":0.8156},{""offset"":44,""char"":""却"",""error_prob"":0.8156},{""offset"":45,""char"":""伶"",""error_prob"":0.9689},{""offset"":85,""char"":""帰"",""error_prob"":0.9983},{""offset"":123,""char"":""九"",""error_prob"":0.8701}]"
126,"[{""offset"":7,""char"":""瘸"",""error_prob"":0.9542},{""offset"":34,""char"":""黠"",""error_prob"":0.9069},{""offset"":189,""char"":""現"",""error_prob"":0.9676},{""offset"":309,""char"":""線"",""error_prob"":0.8944}]"
127,"[{""offset"":36,""char"":""庵"",""error_prob"":0.992},{""offset"":40,""char"":""馬"",""error_prob"":0.9641},{""offset"":100,""char"":""樂"",""error_prob"":0.9139},{""offset"":307,""char"":""線"",""error_prob"":0.9674}]"
128,[]
129,"[{""offset"":21,""char"":""楽"",""error_prob"":0.8244},{""offset"":38,""char"":""邦"",""error_prob"":0.9105},{""offset"":365,""char"":""現"",""error_prob"":0.9896}]"
130,[]
131,"[{""offset"":14,""char"":""米"",""error_prob"":0.9492},{""offset"":248,""char"":""自"",""error_prob"":0.9685}]"
132,"[{""offset"":92,""char"":""已"",""error_prob"":0.9295}]"
133,"[{""offset"":99,""char"":""吟"",""error_prob"":0.9526},{""offset"":162,""char"":""㹠"",""error_prob"":0.914},{""offset"":201,""char"":""鳥"",""error_prob"":0.8969},{""offset"":222,""char"":""之"",""error_prob"":0.9363}]"
134,"[{""offset"":134,""char"":""拭"",""error_prob"":0.8467},{""offset"":431,""char"":""宅"",""error_prob"":0.8592}]"
135,"[{""offset"":144,""char"":""曰"",""error_prob"":0.9847},{""offset"":211,""char"":""隂"",""error_prob"":0.911},{""offset"":281,""char"":""米"",""error_prob"":0.8397},{""offset"":294,""char"":""目"",""error_prob"":0.9913},{""offset"":366,""char"":""爲"",""error_prob"":0.8086}]"
136,"[{""offset"":120,""char"":""刺"",""error_prob"":0.8139},{""offset"":156,""char"":""笄"",""error_prob"":0.94},{""offset"":228,""char"":""躃"",""error_prob"":0.9071},{""offset"":443,""char"":""比"",""error_prob"":0.8724}]"
137,"[{""offset"":14,""char"":""卑"",""error_prob"":0.9558},{""offset"":285,""char"":""佳"",""error_prob"":0.9927},{""offset"":297,""char"":""備"",""error_prob"":0.8423}]"
138,"[{""offset"":36,""char"":""未"",""error_prob"":0.9618},{""offset"":117,""char"":""隨"",""error_prob"":0.9233},{""offset"":181,""char"":""烘"",""error_prob"":0.8806},{""offset"":200,""char"":""鎻"",""error_prob"":0.9478},{""offset"":255,""char"":""繳"",""error_prob"":0.8541},{""offset"":268,""char"":""技"",""error_prob"":0.9837},{""offset"":273,""char"":""摯"",""error_prob"":0.8408},{""offset"":293,""char"":""擽"",""error_prob"":0.9947}]"
139,"[{""offset"":0,""char"":""正"",""error_prob"":0.9276},{""offset"":1,""char"":""蒲"",""error_prob"":0.9682},{""offset"":55,""char"":""脯"",""error_prob"":0.8813},{""offset"":62,""char"":""持"",""error_prob"":0.9838},{""offset"":184,""char"":""具"",""error_prob"":0.9036},{""offset"":185,""char"":""敖"",""error_prob"":0.9604},{""offset"":204,""char"":""鮮"",""error_prob"":0.8812},{""offset"":239,""char"":""埛"",""error_prob"":0.8866},{""offset"":299,""char"":""抎"",""error_prob"":0.9659},{""offset"":312,""char"":""熱"",""error_prob"":0.8846}]"
140,"[{""offset"":188,""char"":""鑣"",""error_prob"":0.9517},{""offset"":241,""char"":""冗"",""error_prob"":0.9503},{""offset"":460,""char"":""梢"",""error_prob"":0.9868}]"
141,[]
142,"[{""offset"":92,""char"":""丗"",""error_prob"":0.995},{""offset"":114,""char"":""丗"",""error_prob"":0.9946},{""offset"":127,""char"":""丗"",""error_prob"":0.9932}]"
143,[]
144,"[{""offset"":113,""char"":""比"",""error_prob"":0.9027},{""offset"":164,""char"":""純"",""error_prob"":0.8497},{""offset"":292,""char"":""刈"",""error_prob"":0.9232},{""offset"":405,""char"":""維"",""error_prob"":0.943},{""offset"":412,""char"":""刈"",""error_prob"":0.8811}]"
145,"[{""offset"":16,""char"":""推"",""error_prob"":0.8489},{""offset"":150,""char"":""宗"",""error_prob"":0.9952},{""offset"":432,""char"":""潤"",""error_prob"":0.8057},{""offset"":541,""char"":""卿"",""error_prob"":0.9681},{""offset"":616,""char"":""廹"",""error_prob"":0.9732}]"
146,[]
147,"[{""offset"":97,""char"":""璨"",""error_prob"":0.9752},{""offset"":148,""char"":""璨"",""error_prob"":0.9637}]"
148,"[{""offset"":384,""char"":""邉"",""error_prob"":0.9877}]"
149,"[{""offset"":10,""char"":""䳇"",""error_prob"":0.8868},{""offset"":269,""char"":""鷔"",""error_prob"":0.9053},{""offset"":351,""char"":""㸲"",""error_prob"":0.8864},{""offset"":378,""char"":""徯"",""error_prob"":0.8659},{""offset"":395,""char"":""鳥"",""error_prob"":0.8592},{""offset"":424,""char"":""鳥"",""error_prob"":0.8521}]"
150,"[{""offset"":231,""char"":""畫"",""error_prob"":0.8781},{""offset"":446,""char"":""闘"",""error_prob"":0.8994}]"
151,"[{""offset"":122,""char"":""篤"",""error_prob"":0.9163},{""offset"":253,""char"":""泝"",""error_prob"":0.8187},{""offset"":323,""char"":""誚"",""error_prob"":0.8965},{""offset"":353,""char"":""已"",""error_prob"":0.8908},{""offset"":414,""char"":""鴒"",""error_prob"":0.9966},{""offset"":456,""char"":""逍"",""error_prob"":0.9941}]"
152,"[{""offset"":55,""char"":""俚"",""error_prob"":0.9512},{""offset"":65,""char"":""寂"",""error_prob"":0.9677}]"
153,[]
154,"[{""offset"":72,""char"":""表"",""error_prob"":0.8133},{""offset"":73,""char"":""而"",""error_prob"":0.8983},{""offset"":74,""char"":""哉"",""error_prob"":0.9866},{""offset"":147,""char"":""嚙"",""error_prob"":0.8167},{""offset"":165,""char"":""倈"",""error_prob"":0.8651},{""offset"":177,""char"":""歌"",""error_prob"":0.987},{""offset"":341,""char"":""詠"",""error_prob"":0.9937}]"
155,"[{""offset"":68,""char"":""扸"",""error_prob"":0.9964}]"
156,[]
157,"[{""offset"":6,""char"":""興"",""error_prob"":0.9404},{""offset"":53,""char"":""子"",""error_prob"":0.8575},{""offset"":150,""char"":""潑"",""error_prob"":0.9052},{""offset"":220,""char"":""貧"",""error_prob"":0.8898},{""offset"":330,""char"":""着"",""error_prob"":0.9411},{""offset"":364,""char"":""荅"",""error_prob"":0.8206},{""offset"":391,""char"":""巽"",""error_prob"":0.9508}]"
158,"[{""offset"":4,""char"":""鄴"",""error_prob"":0.8685},{""offset"":38,""char"":""処"",""error_prob"":0.9951},{""offset"":66,""char"":""沒"",""error_prob"":0.978},{""offset"":74,""char"":""牧"",""error_prob"":0.9172},{""offset"":106,""char"":""紱"",""error_prob"":0.9666},{""offset"":132,""char"":""庒"",""error_prob"":0.8802},{""offset"":221,""char"":""技"",""error_prob"":0.9912},{""offset"":223,""char"":""鄭"",""error_prob"":0.9697},{""offset"":226,""char"":""幃"",""error_prob"":0.8044},{""offset"":232,""char"":""綵"",""error_prob"":0.8302},{""offset"":241,""char"":""籍"",""error_prob"":0.9114},{""offset"":292,""char"":""呂"",""error_prob"":0.9745}]"
159,"[{""offset"":7,""char"":""李"",""error_prob"":0.9737},{""offset"":131,""char"":""翁"",""error_prob"":0.9894},{""offset"":223,""char"":""即"",""error_prob"":0.9236},{""offset"":279,""char"":""懈"",""error_prob"":0.9145},{""offset"":335,""char"":""蠲"",""error_prob"":0.8861},{""offset"":379,""char"":""煙"",""error_prob"":0.8037},{""offset"":488,""char"":""邁"",""error_prob"":0.959},{""offset"":620,""char"":""赤"",""error_prob"":0.818},{""offset"":628,""char"":""甘"",""error_prob"":0.9454},{""offset"":691,""char"":""與"",""error_prob"":0.9735}]"
160,"[{""offset"":45,""char"":""筆"",""error_prob"":0.9775},{""offset"":70,""char"":""資"",""error_prob"":0.9815},{""offset"":267,""char"":""良"",""error_prob"":0.8884},{""offset"":395,""char"":""㢤"",""error_prob"":0.8656},{""offset"":398,""char"":""心"",""error_prob"":0.8323},{""offset"":644,""char"":""筆"",""error_prob"":0.8474},{""offset"":667,""char"":""杨"",""error_prob"":0.9932},{""offset"":705,""char"":""興"",""error_prob"":0.9619}]"
161,"[{""offset"":18,""char"":""爲"",""error_prob"":0.9732},{""offset"":76,""char"":""興"",""error_prob"":0.9935},{""offset"":79,""char"":""詣"",""error_prob"":0.983},{""offset"":87,""char"":""溢"",""error_prob"":0.9417},{""offset"":99,""char"":""殘"",""error_prob"":0.9562},{""offset"":104,""char"":""鄉"",""error_prob"":0.9794},{""offset"":119,""char"":""輿"",""error_prob"":0.9971},{""offset"":134,""char"":""剛"",""error_prob"":0.8884},{""offset"":153,""char"":""丗"",""error_prob"":0.9804},{""offset"":160,""char"":""興"",""error_prob"":0.9526},{""offset"":212,""char"":""賚"",""error_prob"":0.9882},{""offset"":243,""char"":""嘗"",""error_prob"":0.9918},{""offset"":364,""char"":""儗"",""error_prob"":0.802}]"
162,"[{""offset"":30,""char"":""異"",""error_prob"":0.8657},{""offset"":33,""char"":""杳"",""error_prob"":0.9741},{""offset"":36,""char"":""卯"",""error_prob"":0.8699},{""offset"":47,""char"":""凾"",""error_prob"":0.9843},{""offset"":48,""char"":""苔"",""error_prob"":0.9568},{""offset"":55,""char"":""樝"",""error_prob"":0.9896},{""offset"":89,""char"":""賓"",""error_prob"":0.9619},{""offset"":101,""char"":""卯"",""error_prob"":0.9533},{""offset"":107,""char"":""閣"",""error_prob"":0.8836}]"
163,"[{""offset"":32,""char"":""恐"",""error_prob"":0.8424},{""offset"":88,""char"":""鰌"",""error_prob"":0.8881},{""offset"":112,""char"":""闗"",""error_prob"":0.964},{""offset"":339,""char"":""聱"",""error_prob"":0.9417}]"
164,"[{""offset"":160,""char"":""耒"",""error_prob"":0.9051},{""offset"":195,""char"":""杳"",""error_prob"":0.9825}]"
165,"[{""offset"":64,""char"":""㿗"",""error_prob"":0.9268}]"
166,"[{""offset"":42,""char"":""斫"",""error_prob"":0.9115},{""offset"":49,""char"":""斫"",""error_prob"":0.906},{""offset"":70,""char"":""斫"",""error_prob"":0.8985},{""offset"":80,""char"":""氣"",""error_prob"":0.9335},{""offset"":84,""char"":""九"",""error_prob"":0.9929},{""offset"":96,""char"":""㧥"",""error_prob"":0.9367},{""offset"":112,""char"":""齒"",""error_prob"":0.915},{""offset"":226,""char"":""達"",""error_prob"":0.9677}]"
167,"[{""offset"":8,""char"":""任"",""error_prob"":0.8958}]"
168,"[{""offset"":183,""char"":""績"",""error_prob"":0.947}]"
169,[]
170,"[{""offset"":0,""char"":""大"",""error_prob"":0.8881},{""offset"":1,""char"":""明"",""error_prob"":0.8207},{""offset"":2,""char"":""一"",""error_prob"":0.8894},{""offset"":41,""char"":""御"",""error_prob"":0.9621},{""offset"":42,""char"":""寳"",""error_prob"":0.9856}]"
171,"[{""offset"":80,""char"":""髮"",""error_prob"":0.8694},{""offset"":168,""char"":""天"",""error_prob"":0.8423}]"
172,"[{""offset"":0,""char"":""衰"",""error_prob"":0.8136},{""offset"":261,""char"":""贑"",""error_prob"":0.9352}]"
173,"[{""offset"":5,""char"":""蟞"",""error_prob"":0.9869},{""offset"":17,""char"":""㼶"",""error_prob"":0.865},{""offset"":23,""char"":""褋"",""error_prob"":0.8806}]"
174,"[{""offset"":9,""char"":""濟"",""error_prob"":0.8888},{""offset"":142,""char"":""翰"",""error_prob"":0.8761},{""offset"":150,""char"":""氏"",""error_prob"":0.9952},{""offset"":242,""char"":""友"",""error_prob"":0.9067},{""offset"":323,""char"":""社"",""error_prob"":0.9753},{""offset"":361,""char"":""勑"",""error_prob"":0.9385},{""offset"":362,""char"":""邁"",""error_prob"":0.8217},{""offset"":429,""char"":""邾"",""error_prob"":0.9707},{""offset"":502,""char"":""良"",""error_prob"":0.8555},{""offset"":514,""char"":""氏"",""error_prob"":0.9908},{""offset"":579,""char"":""氏"",""error_prob"":0.9154}]"
175,"[{""offset"":29,""char"":""貌"",""error_prob"":0.9129},{""offset"":136,""char"":""已"",""error_prob"":0.8963},{""offset"":219,""char"":""濟"",""error_prob"":0.84},{""offset"":221,""char"":""咸"",""error_prob"":0.8047},{""offset"":284,""char"":""長"",""error_prob"":0.8026},{""offset"":303,""char"":""良"",""error_prob"":0.9341},{""offset"":386,""char"":""藥"",""error_prob"":0.8787},{""offset"":474,""char"":""濟"",""error_prob"":0.9261}]"
176,"[{""offset"":163,""char"":""享"",""error_prob"":0.8488},{""offset"":230,""char"":""一"",""error_prob"":0.8895}]"
177,"[{""offset"":248,""char"":""箸"",""error_prob"":0.8071}]"
178,"[{""offset"":12,""char"":""木"",""error_prob"":0.8608},{""offset"":194,""char"":""凢"",""error_prob"":0.9356}]"
179,"[{""offset"":484,""char"":""鴻"",""error_prob"":0.9524}]"
180,"[{""offset"":196,""char"":""便"",""error_prob"":0.9467},{""offset"":222,""char"":""升"",""error_prob"":0.9816},{""offset"":248,""char"":""今"",""error_prob"":0.9192},{""offset"":346,""char"":""具"",""error_prob"":0.9859},{""offset"":360,""char"":""馬"",""error_prob"":0.9967}]"
181,"[{""offset"":9,""char"":""晌"",""error_prob"":0.8016}]"
182,"[{""offset"":160,""char"":""己"",""error_prob"":0.9663},{""offset"":296,""char"":""暎"",""error_prob"":0.8362}]"
183,"[{""offset"":0,""char"":""離"",""error_prob"":0.9387},{""offset"":1,""char"":""子"",""error_prob"":0.9336},{""offset"":2,""char"":""勦"",""error_prob"":0.9158},{""offset"":3,""char"":""絶"",""error_prob"":0.8475},{""offset"":24,""char"":""山"",""error_prob"":0.8388},{""offset"":98,""char"":""冦"",""error_prob"":0.8893}]"
184,"[{""offset"":46,""char"":""蓋"",""error_prob"":0.8394}]"
185,"[{""offset"":195,""char"":""脖"",""error_prob"":0.9121},{""offset"":294,""char"":""闢"",""error_prob"":0.9624},{""offset"":315,""char"":""趙"",""error_prob"":0.8374},{""offset"":316,""char"":""府"",""error_prob"":0.8597},{""offset"":317,""char"":""居"",""error_prob"":0.8052},{""offset"":319,""char"":""堂"",""error_prob"":0.8037},{""offset"":320,""char"":""靈"",""error_prob"":0.9152},{""offset"":321,""char"":""區"",""error_prob"":0.9506},{""offset"":325,""char"":""雲"",""error_prob"":0.8702}]"
186,"[{""offset"":36,""char"":""蚩"",""error_prob"":0.9506},{""offset"":58,""char"":""閑"",""error_prob"":0.873},{""offset"":289,""char"":""趙"",""error_prob"":0.9473},{""offset"":290,""char"":""府"",""error_prob"":0.9468},{""offset"":291,""char"":""居"",""error_prob"":0.9592},{""offset"":292,""char"":""敬"",""error_prob"":0.9578},{""offset"":293,""char"":""堂"",""error_prob"":0.9683},{""offset"":294,""char"":""雲"",""error_prob"":0.9812},{""offset"":295,""char"":""區"",""error_prob"":0.9891},{""offset"":296,""char"":""經"",""error_prob"":0.9807},{""offset"":297,""char"":""卷"",""error_prob"":0.9785},{""offset"":298,""char"":""二"",""error_prob"":0.9817},{""offset"":299,""char"":""三"",""error_prob"":0.9882},{""offset"":300,""char"":""悌"",""error_prob"":0.9886}]"
187,"[{""offset"":13,""char"":""將"",""error_prob"":0.9399},{""offset"":278,""char"":""趙"",""error_prob"":0.9205},{""offset"":279,""char"":""府"",""error_prob"":0.9465},{""offset"":280,""char"":""居"",""error_prob"":0.9333},{""offset"":281,""char"":""敬"",""error_prob"":0.9238},{""offset"":282,""char"":""堂"",""error_prob"":0.9476},{""offset"":283,""char"":""二"",""error_prob"":0.9715},{""offset"":284,""char"":""靈"",""error_prob"":0.9835},{""offset"":285,""char"":""區"",""error_prob"":0.9899},{""offset"":286,""char"":""經"",""error_prob"":0.9419},{""offset"":287,""char"":""卷"",""error_prob"":0.8923},{""offset"":288,""char"":""二"",""error_prob"":0.9381},{""offset"":289,""char"":""一"",""error_prob"":0.9732},{""offset"":290,""char"":""四"",""error_prob"":0.9821},{""offset"":291,""char"":""雲"",""error_prob"":0.9689}]"
188,[]
189,"[{""offset"":15,""char"":""頼"",""error_prob"":0.9122},{""offset"":31,""char"":""羙"",""error_prob"":0.903},{""offset"":199,""char"":""人"",""error_prob"":0.9049},{""offset"":210,""char"":""比"",""error_prob"":0.9325},{""offset"":331,""char"":""轉"",""error_prob"":0.9486}]"
190,"[{""offset"":127,""char"":""緋"",""error_prob"":0.9973},{""offset"":130,""char"":""萑"",""error_prob"":0.9964},{""offset"":202,""char"":""哲"",""error_prob"":0.9318},{""offset"":213,""char"":""兩"",""error_prob"":0.8918},{""offset"":285,""char"":""逐"",""error_prob"":0.9708},{""offset"":341,""char"":""萍"",""error_prob"":0.9531},{""offset"":363,""char"":""戚"",""error_prob"":0.9042},{""offset"":437,""char"":""效"",""error_prob"":0.9398},{""offset"":438,""char"":""官"",""error_prob"":0.8045}]"
191,"[{""offset"":25,""char"":""顧"",""error_prob"":0.8074}]"
192,"[{""offset"":110,""char"":""𣏌"",""error_prob"":0.8431}]"
193,"[{""offset"":295,""char"":""官"",""error_prob"":0.8882},{""offset"":301,""char"":""走"",""error_prob"":0.9965},{""offset"":431,""char"":""牘"",""error_prob"":0.8148},{""offset"":447,""char"":""穹"",""error_prob"":0.9484}]"
194,[]
195,"[{""offset"":108,""char"":""咲"",""error_prob"":0.8449},{""offset"":119,""char"":""求"",""error_prob"":0.8795}]"
196,"[{""offset"":204,""char"":""褻"",""error_prob"":0.8841},{""offset"":395,""char"":""十"",""error_prob"":0.9836}]"
197,"[{""offset"":105,""char"":""朦"",""error_prob"":0.9525},{""offset"":169,""char"":""傳"",""error_prob"":0.8315},{""offset"":452,""char"":""傳"",""error_prob"":0.8207},{""offset"":460,""char"":""興"",""error_prob"":0.8284},{""offset"":486,""char"":""興"",""error_prob"":0.8153}]"
198,"[{""offset"":186,""char"":""负"",""error_prob"":0.9808},{""offset"":347,""char"":""滄"",""error_prob"":0.9015},{""offset"":448,""char"":""滄"",""error_prob"":0.8967}]"
199,"[{""offset"":308,""char"":""族"",""error_prob"":0.8033}]"
200,"[{""offset"":510,""char"":""兔"",""error_prob"":0.8277}]"
201,"[{""offset"":33,""char"":""即"",""error_prob"":0.9789},{""offset"":86,""char"":""翔"",""error_prob"":0.8149},{""offset"":127,""char"":""之"",""error_prob"":0.924},{""offset"":136,""char"":""詐"",""error_prob"":0.9818},{""offset"":209,""char"":""即"",""error_prob"":0.9991},{""offset"":223,""char"":""克"",""error_prob"":0.9972},{""offset"":337,""char"":""即"",""error_prob"":0.9991},{""offset"":356,""char"":""即"",""error_prob"":0.9988}]"
202,"[{""offset"":80,""char"":""競"",""error_prob"":0.8612},{""offset"":103,""char"":""戰"",""error_prob"":0.8267},{""offset"":420,""char"":""鈿"",""error_prob"":0.8744}]"
203,[]
204,"[{""offset"":160,""char"":""遣"",""error_prob"":0.8251},{""offset"":225,""char"":""䱉"",""error_prob"":0.882},{""offset"":237,""char"":""几"",""error_prob"":0.8154},{""offset"":239,""char"":""䳐"",""error_prob"":0.9073},{""offset"":276,""char"":""䳐"",""error_prob"":0.8591},{""offset"":391,""char"":""両"",""error_prob"":0.9766}]"
205,"[{""offset"":169,""char"":""䏿"",""error_prob"":0.817},{""offset"":171,""char"":""䏿"",""error_prob"":0.8691}]"
206,"[{""offset"":6,""char"":""哴"",""error_prob"":0.935},{""offset"":8,""char"":""哴"",""error_prob"":0.9074},{""offset"":119,""char"":""䁮"",""error_prob"":0.8981},{""offset"":126,""char"":""䁮"",""error_prob"":0.8723},{""offset"":146,""char"":""䁮"",""error_prob"":0.8334},{""offset"":336,""char"":""奘"",""error_prob"":0.8276},{""offset"":408,""char"":""奘"",""error_prob"":0.9235}]"
207,"[{""offset"":62,""char"":""宵"",""error_prob"":0.8154}]"
208,"[{""offset"":34,""char"":""徂"",""error_prob"":0.8777},{""offset"":102,""char"":""已"",""error_prob"":0.8744}]"
209,"[{""offset"":92,""char"":""襵"",""error_prob"":0.9976}]"
210,"[{""offset"":36,""char"":""將"",""error_prob"":0.9476},{""offset"":188,""char"":""代"",""error_prob"":0.8129},{""offset"":190,""char"":""記"",""error_prob"":0.8336},{""offset"":308,""char"":""慾"",""error_prob"":0.9916},{""offset"":444,""char"":""之"",""error_prob"":0.9228}]"
211,"[{""offset"":101,""char"":""碎"",""error_prob"":0.9927},{""offset"":142,""char"":""己"",""error_prob"":0.8966}]"
212,"[{""offset"":99,""char"":""革"",""error_prob"":0.8055},{""offset"":302,""char"":""也"",""error_prob"":0.9665},{""offset"":398,""char"":""未"",""error_prob"":0.9984}]"
213,"[{""offset"":71,""char"":""攢"",""error_prob"":0.817},{""offset"":147,""char"":""攢"",""error_prob"":0.8493},{""offset"":178,""char"":""性"",""error_prob"":0.8011},{""offset"":417,""char"":""餞"",""error_prob"":0.9414}]"
214,[]
215,"[{""offset"":32,""char"":""困"",""error_prob"":0.9469},{""offset"":312,""char"":""晩"",""error_prob"":0.8043},{""offset"":486,""char"":""朢"",""error_prob"":0.9695},{""offset"":487,""char"":""臬"",""error_prob"":0.8561}]"
216,"[{""offset"":108,""char"":""盡"",""error_prob"":0.8991},{""offset"":373,""char"":""逐"",""error_prob"":0.9951}]"
217,"[{""offset"":222,""char"":""喎"",""error_prob"":0.8342},{""offset"":293,""char"":""鼇"",""error_prob"":0.8945},{""offset"":357,""char"":""䚡"",""error_prob"":0.9026}]"
218,"[{""offset"":16,""char"":""己"",""error_prob"":0.9489},{""offset"":104,""char"":""驘"",""error_prob"":0.8002},{""offset"":188,""char"":""癩"",""error_prob"":0.8247},{""offset"":305,""char"":""己"",""error_prob"":0.9544},{""offset"":313,""char"":""鮮"",""error_prob"":0.8414}]"
219,"[{""offset"":73,""char"":""沫"",""error_prob"":0.8055},{""offset"":89,""char"":""㢝"",""error_prob"":0.8482},{""offset"":105,""char"":""㢝"",""error_prob"":0.8359}]"
220,"[{""offset"":34,""char"":""豎"",""error_prob"":0.8011},{""offset"":77,""char"":""㮏"",""error_prob"":0.9391}]"
221,"[{""offset"":78,""char"":""曰"",""error_prob"":0.854}]"
222,[]
223,[]
224,[]
225,"[{""offset"":400,""char"":""茫"",""error_prob"":0.9429}]"
226,"[{""offset"":234,""char"":""笛"",""error_prob"":0.928},{""offset"":342,""char"":""苗"",""error_prob"":0.8084}]"
227,"[{""offset"":108,""char"":""泩"",""error_prob"":0.9941},{""offset"":139,""char"":""夗"",""error_prob"":0.9842},{""offset"":177,""char"":""浚"",""error_prob"":0.9847},{""offset"":234,""char"":""岳"",""error_prob"":0.9213},{""offset"":264,""char"":""沒"",""error_prob"":0.9118},{""offset"":319,""char"":""淂"",""error_prob"":0.9763}]"
228,"[{""offset"":28,""char"":""頗"",""error_prob"":0.9852}]"
229,"[{""offset"":63,""char"":""潛"",""error_prob"":0.8639},{""offset"":318,""char"":""藪"",""error_prob"":0.967},{""offset"":326,""char"":""藪"",""error_prob"":0.9647}]"
230,"[{""offset"":204,""char"":""趣"",""error_prob"":0.9317}]"
231,"[{""offset"":145,""char"":""詁"",""error_prob"":0.8251},{""offset"":155,""char"":""話"",""error_prob"":0.8588}]"
232,"[{""offset"":148,""char"":""猛"",""error_prob"":0.8205},{""offset"":152,""char"":""蜜"",""error_prob"":0.8328},{""offset"":292,""char"":""慟"",""error_prob"":0.8633},{""offset"":294,""char"":""彛"",""error_prob"":0.921}]"
233,[]
234,"[{""offset"":59,""char"":""邵"",""error_prob"":0.8915}]"
235,"[{""offset"":5,""char"":""字"",""error_prob"":0.8052},{""offset"":311,""char"":""呴"",""error_prob"":0.9881},{""offset"":325,""char"":""諸"",""error_prob"":0.9034},{""offset"":326,""char"":""曰"",""error_prob"":0.8821}]"
236,"[{""offset"":6,""char"":""罵"",""error_prob"":0.9513},{""offset"":41,""char"":""荒"",""error_prob"":0.9473},{""offset"":42,""char"":""入"",""error_prob"":0.9119},{""offset"":43,""char"":""救"",""error_prob"":0.8817},{""offset"":170,""char"":""壟"",""error_prob"":0.9585},{""offset"":199,""char"":""流"",""error_prob"":0.89},{""offset"":317,""char"":""顏"",""error_prob"":0.8001},{""offset"":329,""char"":""光"",""error_prob"":0.8633},{""offset"":348,""char"":""慾"",""error_prob"":0.9862},{""offset"":372,""char"":""徴"",""error_prob"":0.9548},{""offset"":469,""char"":""漼"",""error_prob"":0.9915}]"
237,"[{""offset"":25,""char"":""慾"",""error_prob"":0.9765},{""offset"":247,""char"":""着"",""error_prob"":0.9417},{""offset"":547,""char"":""閗"",""error_prob"":0.989},{""offset"":557,""char"":""恋"",""error_prob"":0.9473}]"
238,"[{""offset"":16,""char"":""倫"",""error_prob"":0.8126},{""offset"":175,""char"":""涕"",""error_prob"":0.9891},{""offset"":190,""char"":""卿"",""error_prob"":0.978},{""offset"":208,""char"":""齣"",""error_prob"":0.9347}]"
239,[]
240,"[{""offset"":63,""char"":""寓"",""error_prob"":0.9444},{""offset"":122,""char"":""㧞"",""error_prob"":0.8427},{""offset"":163,""char"":""此"",""error_prob"":0.817}]"
241,[]
242,[]
243,"[{""offset"":295,""char"":""湎"",""error_prob"":0.9002}]"
244,[]
245,[]
246,"[{""offset"":75,""char"":""士"",""error_prob"":0.8986},{""offset"":354,""char"":""璋"",""error_prob"":0.8529}]"
247,"[{""offset"":4,""char"":""己"",""error_prob"":0.8917},{""offset"":7,""char"":""己"",""error_prob"":0.9192},{""offset"":23,""char"":""己"",""error_prob"":0.9353},{""offset"":410,""char"":""厷"",""error_prob"":0.9931}]"
248,"[{""offset"":258,""char"":""良"",""error_prob"":0.9424},{""offset"":402,""char"":""績"",""error_prob"":0.9483}]"
249,[]
250,"[{""offset"":39,""char"":""齒"",""error_prob"":0.9584}]"
251,[]
252,[]
253,[]
254,[]
255,"[{""offset"":312,""char"":""簙"",""error_prob"":0.8357},{""offset"":355,""char"":""簿"",""error_prob"":0.8073},{""offset"":356,""char"":""齿"",""error_prob"":0.8483},{""offset"":457,""char"":""骑"",""error_prob"":0.9249},{""offset"":517,""char"":""郑"",""error_prob"":0.8527},{""offset"":575,""char"":""虑"",""error_prob"":0.9325},{""offset"":769,""char"":""递"",""error_prob"":0.8338}]"
256,"[{""offset"":95,""char"":""業"",""error_prob"":0.8767},{""offset"":113,""char"":""子"",""error_prob"":0.955},{""offset"":194,""char"":""詣"",""error_prob"":0.9255},{""offset"":294,""char"":""巒"",""error_prob"":0.8154},{""offset"":378,""char"":""枯"",""error_prob"":0.9007},{""offset"":380,""char"":""釣"",""error_prob"":0.9633},{""offset"":407,""char"":""駮"",""error_prob"":0.8337},{""offset"":620,""char"":""垌"",""error_prob"":0.9709}]"
257,"[{""offset"":99,""char"":""雖"",""error_prob"":0.8416},{""offset"":381,""char"":""干"",""error_prob"":0.972}]"
258,"[{""offset"":22,""char"":""紫"",""error_prob"":0.8236},{""offset"":64,""char"":""李"",""error_prob"":0.9134},{""offset"":96,""char"":""兼"",""error_prob"":0.8592},{""offset"":200,""char"":""丈"",""error_prob"":0.9305},{""offset"":205,""char"":""嶫"",""error_prob"":0.8381},{""offset"":215,""char"":""一"",""error_prob"":0.8262},{""offset"":257,""char"":""觕"",""error_prob"":0.9692},{""offset"":313,""char"":""寨"",""error_prob"":0.9099}]"
259,[]
260,[]
261,"[{""offset"":25,""char"":""扬"",""error_prob"":0.9423},{""offset"":152,""char"":""適"",""error_prob"":0.9356}]"
262,"[{""offset"":176,""char"":""終"",""error_prob"":0.9626},{""offset"":178,""char"":""廣"",""error_prob"":0.9305},{""offset"":179,""char"":""東"",""error_prob"":0.9231},{""offset"":180,""char"":""新"",""error_prob"":0.8687},{""offset"":181,""char"":""語"",""error_prob"":0.8957},{""offset"":187,""char"":""分"",""error_prob"":0.837},{""offset"":188,""char"":""目"",""error_prob"":0.8434},{""offset"":190,""char"":""鱗"",""error_prob"":0.8569},{""offset"":191,""char"":""語"",""error_prob"":0.8922},{""offset"":193,""char"":""龍"",""error_prob"":0.8023}]"
263,[]
264,[]
265,"[{""offset"":259,""char"":""儆"",""error_prob"":0.9936}]"
266,[]
267,"[{""offset"":114,""char"":""梔"",""error_prob"":0.9005},{""offset"":120,""char"":""鑀"",""error_prob"":0.8536},{""offset"":150,""char"":""子"",""error_prob"":0.9854},{""offset"":190,""char"":""蓏"",""error_prob"":0.911},{""offset"":204,""char"":""樀"",""error_prob"":0.9318},{""offset"":205,""char"":""樀"",""error_prob"":0.969},{""offset"":223,""char"":""揚"",""error_prob"":0.9036},{""offset"":226,""char"":""麋"",""error_prob"":0.8115},{""offset"":269,""char"":""鴟"",""error_prob"":0.9585}]"
268,"[{""offset"":113,""char"":""己"",""error_prob"":0.9309}]"
269,"[{""offset"":31,""char"":""沃"",""error_prob"":0.8409},{""offset"":32,""char"":""沃"",""error_prob"":0.8971},{""offset"":48,""char"":""硠"",""error_prob"":0.8837},{""offset"":52,""char"":""沅"",""error_prob"":0.9874},{""offset"":296,""char"":""闐"",""error_prob"":0.9784}]"
270,[]
271,[]
272,"[{""offset"":133,""char"":""楊"",""error_prob"":0.9183},{""offset"":162,""char"":""安"",""error_prob"":0.9439}]"
273,"[{""offset"":25,""char"":""廬"",""error_prob"":0.8066},{""offset"":68,""char"":""兔"",""error_prob"":0.805},{""offset"":432,""char"":""盜"",""error_prob"":0.9384}]"
274,[]
275,"[{""offset"":195,""char"":""漸"",""error_prob"":0.9093}]"
276,"[{""offset"":54,""char"":""則"",""error_prob"":0.981}]"
277,"[{""offset"":237,""char"":""燧"",""error_prob"":0.9083},{""offset"":304,""char"":""陋"",""error_prob"":0.9417},{""offset"":407,""char"":""倣"",""error_prob"":0.9625}]"
278,"[{""offset"":35,""char"":""闢"",""error_prob"":0.9477},{""offset"":115,""char"":""域"",""error_prob"":0.9751},{""offset"":217,""char"":""蘇"",""error_prob"":0.8455}]"
279,"[{""offset"":12,""char"":""逆"",""error_prob"":0.831},{""offset"":19,""char"":""腦"",""error_prob"":0.9275},{""offset"":24,""char"":""顱"",""error_prob"":0.9796},{""offset"":29,""char"":""子"",""error_prob"":0.9898},{""offset"":45,""char"":""楚"",""error_prob"":0.8302},{""offset"":120,""char"":""子"",""error_prob"":0.9205},{""offset"":254,""char"":""欵"",""error_prob"":0.8324},{""offset"":402,""char"":""共"",""error_prob"":0.8986},{""offset"":412,""char"":""己"",""error_prob"":0.9354}]"
280,"[{""offset"":107,""char"":""遼"",""error_prob"":0.9667},{""offset"":121,""char"":""鸛"",""error_prob"":0.9286},{""offset"":126,""char"":""玃"",""error_prob"":0.9219},{""offset"":359,""char"":""拍"",""error_prob"":0.9677}]"
281,"[{""offset"":9,""char"":""錀"",""error_prob"":0.9976},{""offset"":17,""char"":""卦"",""error_prob"":0.9398},{""offset"":31,""char"":""遠"",""error_prob"":0.865},{""offset"":45,""char"":""麋"",""error_prob"":0.9729},{""offset"":96,""char"":""㳺"",""error_prob"":0.8148},{""offset"":218,""char"":""琬"",""error_prob"":0.9832},{""offset"":291,""char"":""鿃"",""error_prob"":0.8036},{""offset"":292,""char"":""鿃"",""error_prob"":0.8716},{""offset"":334,""char"":""穀"",""error_prob"":0.8603},{""offset"":357,""char"":""波"",""error_prob"":0.9479},{""offset"":412,""char"":""止"",""error_prob"":0.991}]"
282,"[{""offset"":124,""char"":""渘"",""error_prob"":0.8635}]"
283,[]
284,"[{""offset"":214,""char"":""慾"",""error_prob"":0.9319}]"
285,"[{""offset"":251,""char"":""禹"",""error_prob"":0.9665}]"
286,"[{""offset"":138,""char"":""孑"",""error_prob"":0.9783}]"
287,[]
288,[]
289,[]
290,"[{""offset"":17,""char"":""況"",""error_prob"":0.971},{""offset"":143,""char"":""織"",""error_prob"":0.9925},{""offset"":318,""char"":""織"",""error_prob"":0.9897},{""offset"":331,""char"":""織"",""error_prob"":0.9917},{""offset"":368,""char"":""織"",""error_prob"":0.9919}]"
291,[]
292,[]
293,"[{""offset"":206,""char"":""勵"",""error_prob"":0.9775},{""offset"":213,""char"":""諧"",""error_prob"":0.9893}]"
294,"[{""offset"":105,""char"":""兩"",""error_prob"":0.957},{""offset"":224,""char"":""逺"",""error_prob"":0.8591},{""offset"":232,""char"":""凢"",""error_prob"":0.9226}]"
295,[]
296,"[{""offset"":231,""char"":""己"",""error_prob"":0.9769}]"
297,[]
298,"[{""offset"":46,""char"":""橐"",""error_prob"":0.8131}]"
299,"[{""offset"":139,""char"":""杞"",""error_prob"":0.8147},{""offset"":383,""char"":""煚"",""error_prob"":0.8412},{""offset"":387,""char"":""璽"",""error_prob"":0.8234},{""offset"":391,""char"":""紱"",""error_prob"":0.8304},{""offset"":415,""char"":""述"",""error_prob"":0.9733}]"
300,"[{""offset"":9,""char"":""校"",""error_prob"":0.8818},{""offset"":31,""char"":""呂"",""error_prob"":0.8551},{""offset"":152,""char"":""姝"",""error_prob"":0.8498},{""offset"":220,""char"":""爲"",""error_prob"":0.8656},{""offset"":346,""char"":""辛"",""error_prob"":0.8118},{""offset"":446,""char"":""思"",""error_prob"":0.864}]"
301,"[{""offset"":95,""char"":""火"",""error_prob"":0.8361},{""offset"":406,""char"":""翻"",""error_prob"":0.9624},{""offset"":431,""char"":""戶"",""error_prob"":0.8734},{""offset"":432,""char"":""剛"",""error_prob"":0.8063},{""offset"":444,""char"":""矦"",""error_prob"":0.8757}]"
302,[]
303,[]
304,[]
305,"[{""offset"":272,""char"":""稁"",""error_prob"":0.9251},{""offset"":335,""char"":""闗"",""error_prob"":0.9628}]"
306,[]
307,"[{""offset"":96,""char"":""剜"",""error_prob"":0.9249}]"
308,"[{""offset"":383,""char"":""鼒"",""error_prob"":0.9406},{""offset"":431,""char"":""閼"",""error_prob"":0.9727}]"
309,"[{""offset"":426,""char"":""惠"",""error_prob"":0.8567},{""offset"":465,""char"":""荀"",""error_prob"":0.9919},{""offset"":513,""char"":""成"",""error_prob"":0.8227}]"
310,"[{""offset"":99,""char"":""渾"",""error_prob"":0.9166},{""offset"":399,""char"":""伐"",""error_prob"":0.8104}]"
311,"[{""offset"":179,""char"":""八"",""error_prob"":0.9809},{""offset"":238,""char"":""雌"",""error_prob"":0.9914},{""offset"":569,""char"":""宮"",""error_prob"":0.8475}]"
312,[]
313,"[{""offset"":233,""char"":""乂"",""error_prob"":0.9889},{""offset"":268,""char"":""己"",""error_prob"":0.9618},{""offset"":293,""char"":""玎"",""error_prob"":0.9468},{""offset"":299,""char"":""玎"",""error_prob"":0.9054},{""offset"":313,""char"":""玎"",""error_prob"":0.9444},{""offset"":361,""char"":""玎"",""error_prob"":0.9537}]"
314,[]
315,"[{""offset"":32,""char"":""壞"",""error_prob"":0.8463}]"
316,"[{""offset"":7,""char"":""餠"",""error_prob"":0.9033},{""offset"":8,""char"":""飬"",""error_prob"":0.9456},{""offset"":75,""char"":""骰"",""error_prob"":0.8408},{""offset"":276,""char"":""興"",""error_prob"":0.8385}]"
317,"[{""offset"":18,""char"":""訐"",""error_prob"":0.9399},{""offset"":32,""char"":""晊"",""error_prob"":0.8126},{""offset"":36,""char"":""蓆"",""error_prob"":0.9568},{""offset"":66,""char"":""訐"",""error_prob"":0.9776},{""offset"":95,""char"":""蓆"",""error_prob"":0.819},{""offset"":129,""char"":""憮"",""error_prob"":0.8954},{""offset"":155,""char"":""艐"",""error_prob"":0.8896},{""offset"":180,""char"":""摧"",""error_prob"":0.8699},{""offset"":248,""char"":""彀"",""error_prob"":0.966},{""offset"":292,""char"":""彀"",""error_prob"":0.9619},{""offset"":338,""char"":""妉"",""error_prob"":0.9561},{""offset"":395,""char"":""漠"",""error_prob"":0.9527}]"
318,"[{""offset"":41,""char"":""肴"",""error_prob"":0.9526},{""offset"":101,""char"":""肴"",""error_prob"":0.9185},{""offset"":136,""char"":""肴"",""error_prob"":0.9093},{""offset"":146,""char"":""肴"",""error_prob"":0.9191},{""offset"":183,""char"":""肴"",""error_prob"":0.9073},{""offset"":216,""char"":""肴"",""error_prob"":0.9212},{""offset"":249,""char"":""罷"",""error_prob"":0.9164},{""offset"":460,""char"":""省"",""error_prob"":0.8737},{""offset"":477,""char"":""省"",""error_prob"":0.8702}]"
319,[]
320,"[{""offset"":177,""char"":""魯"",""error_prob"":0.9664},{""offset"":250,""char"":""稚"",""error_prob"":0.9813}]"
321,"[{""offset"":1,""char"":""日"",""error_prob"":0.8335},{""offset"":12,""char"":""人"",""error_prob"":0.8454},{""offset"":13,""char"":""蔽"",""error_prob"":0.83},{""offset"":213,""char"":""今"",""error_prob"":0.908}]"
322,"[{""offset"":245,""char"":""草"",""error_prob"":0.9519}]"
323,"[{""offset"":153,""char"":""眾"",""error_prob"":0.9286},{""offset"":262,""char"":""丈"",""error_prob"":0.8032},{""offset"":278,""char"":""丈"",""error_prob"":0.8728},{""offset"":298,""char"":""推"",""error_prob"":0.9027},{""offset"":299,""char"":""蓬"",""error_prob"":0.9707},{""offset"":315,""char"":""倚"",""error_prob"":0.914},{""offset"":328,""char"":""霑"",""error_prob"":0.9632},{""offset"":451,""char"":""旖"",""error_prob"":0.9923},{""offset"":455,""char"":""祭"",""error_prob"":0.8899}]"
324,"[{""offset"":146,""char"":""劭"",""error_prob"":0.9022},{""offset"":410,""char"":""飆"",""error_prob"":0.8662}]"
325,[]
326,"[{""offset"":103,""char"":""儻"",""error_prob"":0.951},{""offset"":271,""char"":""空"",""error_prob"":0.9689},{""offset"":293,""char"":""子"",""error_prob"":0.9829},{""offset"":351,""char"":""己"",""error_prob"":0.8957}]"
327,[]
328,"[{""offset"":63,""char"":""音"",""error_prob"":0.8228}]"
329,"[{""offset"":161,""char"":""夭"",""error_prob"":0.8149},{""offset"":224,""char"":""邹"",""error_prob"":0.9167},{""offset"":313,""char"":""己"",""error_prob"":0.9433},{""offset"":315,""char"":""己"",""error_prob"":0.9353}]"
330,"[{""offset"":11,""char"":""馬"",""error_prob"":0.8548},{""offset"":16,""char"":""銳"",""error_prob"":0.9095},{""offset"":49,""char"":""子"",""error_prob"":0.8723},{""offset"":76,""char"":""偸"",""error_prob"":0.9857},{""offset"":213,""char"":""軼"",""error_prob"":0.8303}]"
331,"[{""offset"":13,""char"":""膏"",""error_prob"":0.9759},{""offset"":148,""char"":""來"",""error_prob"":0.87}]"
332,[]
333,[]
334,"[{""offset"":78,""char"":""闈"",""error_prob"":0.9781},{""offset"":442,""char"":""擘"",""error_prob"":0.9233},{""offset"":454,""char"":""擘"",""error_prob"":0.9027}]"
335,"[{""offset"":49,""char"":""解"",""error_prob"":0.8437}]"
336,[]
337,"[{""offset"":0,""char"":""竇"",""error_prob"":0.8722},{""offset"":22,""char"":""賔"",""error_prob"":0.8594},{""offset"":140,""char"":""黨"",""error_prob"":0.9035},{""offset"":147,""char"":""洲"",""error_prob"":0.9971},{""offset"":243,""char"":""興"",""error_prob"":0.801}]"
338,"[{""offset"":88,""char"":""欄"",""error_prob"":0.9631}]"
339,"[{""offset"":13,""char"":""淖"",""error_prob"":0.8349},{""offset"":174,""char"":""荏"",""error_prob"":0.9622},{""offset"":179,""char"":""穀"",""error_prob"":0.975}]"
340,"[{""offset"":44,""char"":""頑"",""error_prob"":0.9486},{""offset"":70,""char"":""慱"",""error_prob"":0.9983},{""offset"":137,""char"":""欒"",""error_prob"":0.9946},{""offset"":290,""char"":""己"",""error_prob"":0.9669}]"
341,"[{""offset"":95,""char"":""聞"",""error_prob"":0.9716},{""offset"":132,""char"":""幹"",""error_prob"":0.907}]"
342,"[{""offset"":71,""char"":""恋"",""error_prob"":0.8814},{""offset"":106,""char"":""韋"",""error_prob"":0.8773}]"
343,"[{""offset"":72,""char"":""妥"",""error_prob"":0.9222},{""offset"":100,""char"":""憒"",""error_prob"":0.9944},{""offset"":146,""char"":""呂"",""error_prob"":0.99}]"
344,"[{""offset"":22,""char"":""慤"",""error_prob"":0.9785},{""offset"":58,""char"":""鋌"",""error_prob"":0.9157},{""offset"":69,""char"":""貴"",""error_prob"":0.8667},{""offset"":104,""char"":""徴"",""error_prob"":0.9178},{""offset"":109,""char"":""逐"",""error_prob"":0.8979},{""offset"":142,""char"":""恋"",""error_prob"":0.9853},{""offset"":173,""char"":""碩"",""error_prob"":0.9973},{""offset"":192,""char"":""開"",""error_prob"":0.8231},{""offset"":259,""char"":""飲"",""error_prob"":0.9352}]"
345,"[{""offset"":29,""char"":""挺"",""error_prob"":0.8071},{""offset"":49,""char"":""興"",""error_prob"":0.9712},{""offset"":76,""char"":""遵"",""error_prob"":0.9572},{""offset"":179,""char"":""己"",""error_prob"":0.8766},{""offset"":264,""char"":""駰"",""error_prob"":0.9008}]"
346,[]
347,[]
348,"[{""offset"":201,""char"":""廢"",""error_prob"":0.8916}]"
349,"[{""offset"":14,""char"":""煙"",""error_prob"":0.8622},{""offset"":86,""char"":""靣"",""error_prob"":0.9406},{""offset"":123,""char"":""闢"",""error_prob"":0.9079},{""offset"":175,""char"":""瘵"",""error_prob"":0.8344}]"
350,"[{""offset"":51,""char"":""叢"",""error_prob"":0.9255},{""offset"":61,""char"":""儻"",""error_prob"":0.9265},{""offset"":147,""char"":""鈁"",""error_prob"":0.9982},{""offset"":164,""char"":""菩"",""error_prob"":0.8368},{""offset"":195,""char"":""貴"",""error_prob"":0.8368},{""offset"":203,""char"":""韋"",""error_prob"":0.9921},{""offset"":224,""char"":""肅"",""error_prob"":0.8518},{""offset"":243,""char"":""持"",""error_prob"":0.8928}]"
351,"[{""offset"":294,""char"":""葉"",""error_prob"":0.8818},{""offset"":301,""char"":""拯"",""error_prob"":0.9907}]"
352,"[{""offset"":60,""char"":""徵"",""error_prob"":0.8492},{""offset"":124,""char"":""楊"",""error_prob"":0.912},{""offset"":172,""char"":""禆"",""error_prob"":0.9498},{""offset"":199,""char"":""疑"",""error_prob"":0.9527}]"
353,"[{""offset"":8,""char"":""約"",""error_prob"":0.8251},{""offset"":106,""char"":""寡"",""error_prob"":0.978},{""offset"":157,""char"":""炤"",""error_prob"":0.8729},{""offset"":183,""char"":""慿"",""error_prob"":0.9536},{""offset"":221,""char"":""邉"",""error_prob"":0.9798},{""offset"":284,""char"":""南"",""error_prob"":0.992}]"
354,[]
355,"[{""offset"":34,""char"":""黎"",""error_prob"":0.9455},{""offset"":73,""char"":""羅"",""error_prob"":0.9506},{""offset"":74,""char"":""懲"",""error_prob"":0.8685},{""offset"":93,""char"":""獻"",""error_prob"":0.9253},{""offset"":94,""char"":""嶽"",""error_prob"":0.9756},{""offset"":111,""char"":""心"",""error_prob"":0.979},{""offset"":112,""char"":""潤"",""error_prob"":0.9272},{""offset"":113,""char"":""邑"",""error_prob"":0.8427},{""offset"":118,""char"":""目"",""error_prob"":0.9068},{""offset"":119,""char"":""取"",""error_prob"":0.8909},{""offset"":120,""char"":""之"",""error_prob"":0.8572},{""offset"":121,""char"":""地"",""error_prob"":0.8512},{""offset"":126,""char"":""毋"",""error_prob"":0.8465}]"
356,"[{""offset"":70,""char"":""己"",""error_prob"":0.9415},{""offset"":126,""char"":""傳"",""error_prob"":0.8713},{""offset"":136,""char"":""興"",""error_prob"":0.9242},{""offset"":143,""char"":""脅"",""error_prob"":0.9962}]"
357,[]
358,[]
359,"[{""offset"":5,""char"":""簘"",""error_prob"":0.8363},{""offset"":50,""char"":""䖏"",""error_prob"":0.856}]"
360,[]
361,"[{""offset"":66,""char"":""羙"",""error_prob"":0.9012}]"
362,[]
363,[]
364,[]
365,[]
366,"[{""offset"":6,""char"":""䘮"",""error_prob"":0.8826}]"
367,"[{""offset"":58,""char"":""𡨋"",""error_prob"":0.8204}]"
368,[]
369,[]
370,"[{""offset"":59,""char"":""恡"",""error_prob"":0.9685},{""offset"":62,""char"":""癀"",""error_prob"":0.967}]"
371,[]
372,[]
373,[]
374,[]
375,[]
376,"[{""offset"":1,""char"":""苊"",""error_prob"":0.9775}]"
377,"[{""offset"":66,""char"":""簿"",""error_prob"":0.9624}]"
378,"[{""offset"":57,""char"":""棹"",""error_prob"":0.888},{""offset"":84,""char"":""廿"",""error_prob"":0.9838}]"
379,[]
380,[]
381,"[{""offset"":64,""char"":""宐"",""error_prob"":0.8243},{""offset"":125,""char"":""宐"",""error_prob"":0.8899}]"
382,"[{""offset"":8,""char"":""囗"",""error_prob"":0.9992},{""offset"":103,""char"":""耒"",""error_prob"":0.9983},{""offset"":114,""char"":""綮"",""error_prob"":0.996},{""offset"":159,""char"":""䑓"",""error_prob"":0.8144}]"
383,"[{""offset"":29,""char"":""問"",""error_prob"":0.8843},{""offset"":36,""char"":""訓"",""error_prob"":0.9246},{""offset"":49,""char"":""耒"",""error_prob"":0.9967},{""offset"":67,""char"":""亥"",""error_prob"":0.9902},{""offset"":153,""char"":""耒"",""error_prob"":0.9987},{""offset"":185,""char"":""淂"",""error_prob"":0.9541},{""offset"":200,""char"":""克"",""error_prob"":0.9168},{""offset"":238,""char"":""淂"",""error_prob"":0.9649},{""offset"":283,""char"":""椎"",""error_prob"":0.8765}]"
384,"[{""offset"":48,""char"":""音"",""error_prob"":0.8717},{""offset"":63,""char"":""海"",""error_prob"":0.8417},{""offset"":184,""char"":""耒"",""error_prob"":0.9931}]"
385,"[{""offset"":21,""char"":""折"",""error_prob"":0.8662},{""offset"":41,""char"":""囗"",""error_prob"":0.9903},{""offset"":101,""char"":""済"",""error_prob"":0.9322},{""offset"":110,""char"":""规"",""error_prob"":0.9452},{""offset"":157,""char"":""仑"",""error_prob"":0.9909},{""offset"":173,""char"":""㒷"",""error_prob"":0.8101},{""offset"":177,""char"":""猥"",""error_prob"":0.8544},{""offset"":189,""char"":""匕"",""error_prob"":0.995},{""offset"":208,""char"":""詣"",""error_prob"":0.8491}]"
386,"[{""offset"":63,""char"":""閗"",""error_prob"":0.8633},{""offset"":67,""char"":""囗"",""error_prob"":0.9042},{""offset"":68,""char"":""囗"",""error_prob"":0.9441},{""offset"":86,""char"":""釗"",""error_prob"":0.9233},{""offset"":105,""char"":""囗"",""error_prob"":0.8801},{""offset"":164,""char"":""攺"",""error_prob"":0.9823},{""offset"":184,""char"":""淂"",""error_prob"":0.9699},{""offset"":199,""char"":""頜"",""error_prob"":0.9884},{""offset"":223,""char"":""斉"",""error_prob"":0.8537},{""offset"":234,""char"":""圆"",""error_prob"":0.9624}]"
387,[]
388,"[{""offset"":5,""char"":""䧟"",""error_prob"":0.9111},{""offset"":60,""char"":""縈"",""error_prob"":0.9316},{""offset"":75,""char"":""興"",""error_prob"":0.9793},{""offset"":80,""char"":""脒"",""error_prob"":0.8194},{""offset"":82,""char"":""虜"",""error_prob"":0.9623},{""offset"":122,""char"":""崴"",""error_prob"":0.9965},{""offset"":125,""char"":""蓉"",""error_prob"":0.9585},{""offset"":137,""char"":""欹"",""error_prob"":0.9643}]"
389,"[{""offset"":6,""char"":""冰"",""error_prob"":0.9583},{""offset"":68,""char"":""字"",""error_prob"":0.8992},{""offset"":190,""char"":""已"",""error_prob"":0.9543},{""offset"":191,""char"":""酒"",""error_prob"":0.9759}]"
390,[]
391,[]
392,"[{""offset"":183,""char"":""二"",""error_prob"":0.9388},{""offset"":289,""char"":""標"",""error_prob"":0.8718},{""offset"":313,""char"":""千"",""error_prob"":0.9948}]"
393,"[{""offset"":122,""char"":""干"",""error_prob"":0.9586},{""offset"":190,""char"":""楤"",""error_prob"":0.8156}]"
394,[]
395,[]
396,"[{""offset"":23,""char"":""驚"",""error_prob"":0.9921}]"
397,"[{""offset"":12,""char"":""孤"",""error_prob"":0.8834},{""offset"":91,""char"":""藐"",""error_prob"":0.9765}]"
398,"[{""offset"":2,""char"":""抬"",""error_prob"":0.9914},{""offset"":42,""char"":""昭"",""error_prob"":0.8996}]"
399,"[{""offset"":12,""char"":""赤"",""error_prob"":0.9608},{""offset"":64,""char"":""奣"",""error_prob"":0.9126}]"
400,[]
401,[]
402,"[{""offset"":105,""char"":""闕"",""error_prob"":0.9459}]"
403,"[{""offset"":54,""char"":""嬛"",""error_prob"":0.9715},{""offset"":90,""char"":""糸"",""error_prob"":0.9538},{""offset"":184,""char"":""乂"",""error_prob"":0.9915},{""offset"":224,""char"":""達"",""error_prob"":0.9036},{""offset"":233,""char"":""哌"",""error_prob"":0.9895},{""offset"":243,""char"":""咀"",""error_prob"":0.9288},{""offset"":281,""char"":""逹"",""error_prob"":0.9601},{""offset"":301,""char"":""连"",""error_prob"":0.9825},{""offset"":303,""char"":""逹"",""error_prob"":0.9445}]"
404,"[{""offset"":136,""char"":""欲"",""error_prob"":0.8896},{""offset"":143,""char"":""齔"",""error_prob"":0.9655},{""offset"":229,""char"":""嬋"",""error_prob"":0.9894},{""offset"":423,""char"":""嬛"",""error_prob"":0.9959}]"
405,"[{""offset"":370,""char"":""興"",""error_prob"":0.8307}]"
406,"[{""offset"":56,""char"":""杷"",""error_prob"":0.8845},{""offset"":251,""char"":""鿄"",""error_prob"":0.8864},{""offset"":285,""char"":""曰"",""error_prob"":0.9966}]"
407,"[{""offset"":300,""char"":""國"",""error_prob"":0.957},{""offset"":353,""char"":""馬"",""error_prob"":0.9795},{""offset"":366,""char"":""興"",""error_prob"":0.973},{""offset"":430,""char"":""興"",""error_prob"":0.9787}]"
408,[]
409,[]
410,"[{""offset"":75,""char"":""溍"",""error_prob"":0.9713}]"
411,"[{""offset"":5,""char"":""爲"",""error_prob"":0.9397}]"
412,"[{""offset"":24,""char"":""耒"",""error_prob"":0.9967}]"
413,[]
414,"[{""offset"":134,""char"":""黑"",""error_prob"":0.8516},{""offset"":158,""char"":""萛"",""error_prob"":0.9962}]"
415,"[{""offset"":185,""char"":""反"",""error_prob"":0.9629},{""offset"":232,""char"":""萛"",""error_prob"":0.9991}]"
416,"[{""offset"":227,""char"":""陸"",""error_prob"":0.8765}]"
417,"[{""offset"":4,""char"":""廩"",""error_prob"":0.8273},{""offset"":6,""char"":""王"",""error_prob"":0.9333},{""offset"":7,""char"":""靑"",""error_prob"":0.9958},{""offset"":8,""char"":""二"",""error_prob"":0.9215},{""offset"":10,""char"":""職"",""error_prob"":0.8949},{""offset"":12,""char"":""犮"",""error_prob"":0.9686},{""offset"":63,""char"":""魯"",""error_prob"":0.8723},{""offset"":83,""char"":""日"",""error_prob"":0.954},{""offset"":92,""char"":""态"",""error_prob"":0.9961},{""offset"":215,""char"":""斖"",""error_prob"":0.8616},{""offset"":226,""char"":""傳"",""error_prob"":0.8239},{""offset"":234,""char"":""一"",""error_prob"":0.8897}]"
418,"[{""offset"":141,""char"":""空"",""error_prob"":0.9881},{""offset"":200,""char"":""圥"",""error_prob"":0.9983}]"
419,"[{""offset"":74,""char"":""丗"",""error_prob"":0.954}]"
420,"[{""offset"":1,""char"":""丗"",""error_prob"":0.9363},{""offset"":224,""char"":""士"",""error_prob"":0.9699},{""offset"":242,""char"":""孑"",""error_prob"":0.9833}]"
421,"[{""offset"":17,""char"":""丗"",""error_prob"":0.9859},{""offset"":161,""char"":""㳙"",""error_prob"":0.9342},{""offset"":170,""char"":""㳙"",""error_prob"":0.9793},{""offset"":282,""char"":""丗"",""error_prob"":0.9941},{""offset"":305,""char"":""蘭"",""error_prob"":0.86},{""offset"":325,""char"":""丗"",""error_prob"":0.9931},{""offset"":352,""char"":""丗"",""error_prob"":0.9928},{""offset"":353,""char"":""丗"",""error_prob"":0.9946},{""offset"":365,""char"":""丗"",""error_prob"":0.9907},{""offset"":368,""char"":""丗"",""error_prob"":0.989}]"
422,[]
423,"[{""offset"":5,""char"":""崴"",""error_prob"":0.9942}]"
424,[]
425,[]
426,"[{""offset"":273,""char"":""毐"",""error_prob"":0.9988}]"
427,"[{""offset"":13,""char"":""乿"",""error_prob"":0.9902},{""offset"":123,""char"":""鉄"",""error_prob"":0.8874},{""offset"":227,""char"":""㓕"",""error_prob"":0.9471},{""offset"":267,""char"":""棌"",""error_prob"":0.9363},{""offset"":284,""char"":""濡"",""error_prob"":0.9222},{""offset"":287,""char"":""利"",""error_prob"":0.901},{""offset"":291,""char"":""斈"",""error_prob"":0.8505},{""offset"":292,""char"":""干"",""error_prob"":0.9471},{""offset"":294,""char"":""垣"",""error_prob"":0.863},{""offset"":307,""char"":""瓣"",""error_prob"":0.9257},{""offset"":321,""char"":""監"",""error_prob"":0.8738}]"
428,[]
429,"[{""offset"":105,""char"":""鶴"",""error_prob"":0.8676},{""offset"":106,""char"":""鶴"",""error_prob"":0.8217}]"
430,"[{""offset"":168,""char"":""歲"",""error_prob"":0.9394},{""offset"":183,""char"":""喩"",""error_prob"":0.8432},{""offset"":185,""char"":""塡"",""error_prob"":0.9402}]"
431,[]
432,[]
433,"[{""offset"":23,""char"":""闇"",""error_prob"":0.9358}]"
434,"[{""offset"":152,""char"":""具"",""error_prob"":0.9776},{""offset"":283,""char"":""至"",""error_prob"":0.9578},{""offset"":359,""char"":""疑"",""error_prob"":0.9667},{""offset"":361,""char"":""麻"",""error_prob"":0.9883}]"
435,"[{""offset"":234,""char"":""毘"",""error_prob"":0.9497}]"
436,"[{""offset"":22,""char"":""闇"",""error_prob"":0.8787}]"
437,[]
438,"[{""offset"":11,""char"":""巳"",""error_prob"":0.9269}]"
439,"[{""offset"":11,""char"":""鳴"",""error_prob"":0.9856},{""offset"":33,""char"":""牋"",""error_prob"":0.8527},{""offset"":129,""char"":""攺"",""error_prob"":0.9967}]"
440,"[{""offset"":158,""char"":""巳"",""error_prob"":0.9119}]"
441,[]
442,[]
443,[]
444,"[{""offset"":173,""char"":""攺"",""error_prob"":0.9949},{""offset"":199,""char"":""噅"",""error_prob"":0.9953},{""offset"":232,""char"":""巳"",""error_prob"":0.8595},{""offset"":274,""char"":""岍"",""error_prob"":0.9952},{""offset"":280,""char"":""青"",""error_prob"":0.8105},{""offset"":281,""char"":""到"",""error_prob"":0.8181},{""offset"":282,""char"":""末"",""error_prob"":0.862},{""offset"":283,""char"":""自"",""error_prob"":0.8854},{""offset"":284,""char"":""彡"",""error_prob"":0.9787},{""offset"":285,""char"":""䟽"",""error_prob"":0.9687},{""offset"":307,""char"":""闸"",""error_prob"":0.9959},{""offset"":309,""char"":""立"",""error_prob"":0.8625},{""offset"":310,""char"":""心"",""error_prob"":0.8896},{""offset"":312,""char"":""堡"",""error_prob"":0.9835},{""offset"":313,""char"":""和"",""error_prob"":0.869},{""offset"":314,""char"":""引"",""error_prob"":0.8417},{""offset"":315,""char"":""遇"",""error_prob"":0.936},{""offset"":469,""char"":""狉"",""error_prob"":0.8779},{""offset"":470,""char"":""狉"",""error_prob"":0.901}]"
445,"[{""offset"":1,""char"":""㑹"",""error_prob"":0.9065}]"
446,"[{""offset"":44,""char"":""巳"",""error_prob"":0.8524},{""offset"":79,""char"":""㐫"",""error_prob"":0.872},{""offset"":131,""char"":""子"",""error_prob"":0.9365},{""offset"":133,""char"":""孑"",""error_prob"":0.9799}]"
447,[]
448,"[{""offset"":26,""char"":""點"",""error_prob"":0.943},{""offset"":223,""char"":""裁"",""error_prob"":0.9869},{""offset"":235,""char"":""昌"",""error_prob"":0.9936}]"
449,[]
450,"[{""offset"":162,""char"":""丕"",""error_prob"":0.9746},{""offset"":435,""char"":""罔"",""error_prob"":0.9821},{""offset"":607,""char"":""卽"",""error_prob"":0.9566},{""offset"":612,""char"":""庄"",""error_prob"":0.9977},{""offset"":657,""char"":""車"",""error_prob"":0.9329}]"
451,"[{""offset"":140,""char"":""杤"",""error_prob"":0.8259},{""offset"":323,""char"":""開"",""error_prob"":0.9708},{""offset"":437,""char"":""巳"",""error_prob"":0.9318},{""offset"":479,""char"":""已"",""error_prob"":0.9228},{""offset"":490,""char"":""巳"",""error_prob"":0.9173},{""offset"":537,""char"":""樂"",""error_prob"":0.8139}]"
452,"[{""offset"":157,""char"":""錐"",""error_prob"":0.9945}]"
453,"[{""offset"":131,""char"":""州"",""error_prob"":0.8372},{""offset"":220,""char"":""迦"",""error_prob"":0.9821},{""offset"":326,""char"":""丗"",""error_prob"":0.8438},{""offset"":347,""char"":""决"",""error_prob"":0.9097},{""offset"":386,""char"":""胃"",""error_prob"":0.8557}]"
454,"[{""offset"":271,""char"":""綮"",""error_prob"":0.9979}]"
455,[]
456,"[{""offset"":207,""char"":""令"",""error_prob"":0.8577},{""offset"":276,""char"":""哭"",""error_prob"":0.9465}]"
457,"[{""offset"":181,""char"":""涘"",""error_prob"":0.9466}]"
458,"[{""offset"":266,""char"":""澜"",""error_prob"":0.9922},{""offset"":308,""char"":""罪"",""error_prob"":0.9297},{""offset"":310,""char"":""歳"",""error_prob"":0.952},{""offset"":314,""char"":""侚"",""error_prob"":0.9943},{""offset"":357,""char"":""頴"",""error_prob"":0.9472},{""offset"":390,""char"":""塡"",""error_prob"":0.9756}]"
459,"[{""offset"":49,""char"":""攺"",""error_prob"":0.9898},{""offset"":79,""char"":""曰"",""error_prob"":0.9783},{""offset"":171,""char"":""曰"",""error_prob"":0.9607}]"
460,[]
461,"[{""offset"":62,""char"":""曰"",""error_prob"":0.9986}]"
462,[]
463,"[{""offset"":3,""char"":""口"",""error_prob"":0.9527}]"
464,"[{""offset"":7,""char"":""巳"",""error_prob"":0.9358}]"
465,"[{""offset"":11,""char"":""八"",""error_prob"":0.8771},{""offset"":131,""char"":""八"",""error_prob"":0.9946},{""offset"":274,""char"":""八"",""error_prob"":0.9898}]"
466,"[{""offset"":111,""char"":""尊"",""error_prob"":0.8684},{""offset"":112,""char"":""甲"",""error_prob"":0.8404},{""offset"":120,""char"":""库"",""error_prob"":0.9769},{""offset"":430,""char"":""十"",""error_prob"":0.8577},{""offset"":459,""char"":""主"",""error_prob"":0.9765}]"
467,[]
468,"[{""offset"":27,""char"":""㤗"",""error_prob"":0.8365},{""offset"":38,""char"":""㤗"",""error_prob"":0.863},{""offset"":70,""char"":""宮"",""error_prob"":0.8533}]"
469,"[{""offset"":82,""char"":""库"",""error_prob"":0.9359},{""offset"":421,""char"":""主"",""error_prob"":0.9765}]"
470,[]
471,"[{""offset"":175,""char"":""釵"",""error_prob"":0.8393},{""offset"":232,""char"":""釵"",""error_prob"":0.8934},{""offset"":306,""char"":""鴆"",""error_prob"":0.9843},{""offset"":335,""char"":""㸃"",""error_prob"":0.808},{""offset"":347,""char"":""瞉"",""error_prob"":0.8103}]"
472,"[{""offset"":239,""char"":""宋"",""error_prob"":0.9978},{""offset"":278,""char"":""巳"",""error_prob"":0.8968}]"
473,"[{""offset"":0,""char"":""守"",""error_prob"":0.85},{""offset"":1,""char"":""揚"",""error_prob"":0.9298},{""offset"":7,""char"":""方"",""error_prob"":0.9229},{""offset"":8,""char"":""城"",""error_prob"":0.9239},{""offset"":21,""char"":""蒋"",""error_prob"":0.9369},{""offset"":137,""char"":""巳"",""error_prob"":0.9217}]"
474,[]
475,"[{""offset"":45,""char"":""橱"",""error_prob"":0.9664},{""offset"":177,""char"":""邉"",""error_prob"":0.8669},{""offset"":194,""char"":""妝"",""error_prob"":0.9722},{""offset"":307,""char"":""鉉"",""error_prob"":0.9925}]"
476,"[{""offset"":14,""char"":""蒼"",""error_prob"":0.8206},{""offset"":21,""char"":""薦"",""error_prob"":0.9522},{""offset"":120,""char"":""爲"",""error_prob"":0.9943},{""offset"":157,""char"":""戰"",""error_prob"":0.8351}]"
477,"[{""offset"":40,""char"":""主"",""error_prob"":0.8419},{""offset"":54,""char"":""團"",""error_prob"":0.8553},{""offset"":194,""char"":""尙"",""error_prob"":0.9225}]"
478,"[{""offset"":9,""char"":""干"",""error_prob"":0.8802},{""offset"":34,""char"":""㤀"",""error_prob"":0.8246}]"
479,"[{""offset"":166,""char"":""音"",""error_prob"":0.9828},{""offset"":226,""char"":""社"",""error_prob"":0.8805}]"
480,"[{""offset"":211,""char"":""子"",""error_prob"":0.9868},{""offset"":311,""char"":""子"",""error_prob"":0.9558}]"
481,[]
482,"[{""offset"":126,""char"":""干"",""error_prob"":0.9172},{""offset"":213,""char"":""憯"",""error_prob"":0.925}]"
483,"[{""offset"":106,""char"":""憯"",""error_prob"":0.9917}]"
484,[]
485,"[{""offset"":98,""char"":""鎭"",""error_prob"":0.9351}]"
486,"[{""offset"":15,""char"":""㓜"",""error_prob"":0.808}]"
487,"[{""offset"":38,""char"":""嗇"",""error_prob"":0.9617},{""offset"":40,""char"":""凑"",""error_prob"":0.8276},{""offset"":65,""char"":""謚"",""error_prob"":0.9609},{""offset"":66,""char"":""醯"",""error_prob"":0.8818},{""offset"":123,""char"":""王"",""error_prob"":0.9444},{""offset"":143,""char"":""䘮"",""error_prob"":0.8019}]"
488,"[{""offset"":99,""char"":""巳"",""error_prob"":0.9096},{""offset"":174,""char"":""白"",""error_prob"":0.9537}]"
489,[]
490,"[{""offset"":21,""char"":""貰"",""error_prob"":0.9894},{""offset"":30,""char"":""乎"",""error_prob"":0.8128},{""offset"":35,""char"":""犬"",""error_prob"":0.9436},{""offset"":36,""char"":""羡"",""error_prob"":0.9275},{""offset"":64,""char"":""巳"",""error_prob"":0.9076}]"
491,[]
492,"[{""offset"":49,""char"":""曰"",""error_prob"":0.9691}]"
493,[]
494,[]
495,"[{""offset"":58,""char"":""烏"",""error_prob"":0.9845},{""offset"":130,""char"":""已"",""error_prob"":0.9195},{""offset"":183,""char"":""㣲"",""error_prob"":0.8054},{""offset"":310,""char"":""巳"",""error_prob"":0.8581}]"
496,"[{""offset"":2,""char"":""非"",""error_prob"":0.8272},{""offset"":3,""char"":""語"",""error_prob"":0.8271},{""offset"":21,""char"":""袯"",""error_prob"":0.8129},{""offset"":82,""char"":""令"",""error_prob"":0.9325},{""offset"":149,""char"":""菜"",""error_prob"":0.8133},{""offset"":212,""char"":""鼻"",""error_prob"":0.9438},{""offset"":220,""char"":""卑"",""error_prob"":0.9413},{""offset"":233,""char"":""馬"",""error_prob"":0.9981}]"
497,"[{""offset"":39,""char"":""少"",""error_prob"":0.8784}]"
498,"[{""offset"":9,""char"":""國"",""error_prob"":0.9458}]"
499,"[{""offset"":278,""char"":""鉢"",""error_prob"":0.9397}]"
500,"[{""offset"":97,""char"":""幌"",""error_prob"":0.8183},{""offset"":110,""char"":""傲"",""error_prob"":0.8759},{""offset"":169,""char"":""而"",""error_prob"":0.9896},{""offset"":191,""char"":""又"",""error_prob"":0.9773}]"
501,"[{""offset"":79,""char"":""侍"",""error_prob"":0.8546},{""offset"":84,""char"":""曰"",""error_prob"":0.988}]"
502,"[{""offset"":13,""char"":""舆"",""error_prob"":0.9988},{""offset"":70,""char"":""曰"",""error_prob"":0.9988}]"
503,[]
504,"[{""offset"":23,""char"":""興"",""error_prob"":0.8252}]"
505,"[{""offset"":171,""char"":""不"",""error_prob"":0.8632},{""offset"":172,""char"":""曰"",""error_prob"":0.8223}]"
506,[]
507,"[{""offset"":229,""char"":""軽"",""error_prob"":0.831}]"
508,[]
509,"[{""offset"":265,""char"":""忘"",""error_prob"":0.8233},{""offset"":494,""char"":""己"",""error_prob"":0.9673}]"
510,"[{""offset"":127,""char"":""怡"",""error_prob"":0.8376},{""offset"":458,""char"":""攺"",""error_prob"":0.9884},{""offset"":512,""char"":""竅"",""error_prob"":0.9854}]"
511,"[{""offset"":106,""char"":""緖"",""error_prob"":0.9245}]"
512,[]
513,"[{""offset"":155,""char"":""己"",""error_prob"":0.9532},{""offset"":176,""char"":""檖"",""error_prob"":0.8496}]"
514,"[{""offset"":181,""char"":""鳯"",""error_prob"":0.9611},{""offset"":203,""char"":""股"",""error_prob"":0.9354}]"
515,[]
516,"[{""offset"":78,""char"":""興"",""error_prob"":0.8219},{""offset"":196,""char"":""仞"",""error_prob"":0.9648},{""offset"":225,""char"":""付"",""error_prob"":0.8771}]"
517,[]
518,"[{""offset"":26,""char"":""箸"",""error_prob"":0.9357},{""offset"":98,""char"":""箸"",""error_prob"":0.9063},{""offset"":396,""char"":""烏"",""error_prob"":0.8674}]"
519,"[{""offset"":4,""char"":""牌"",""error_prob"":0.862},{""offset"":49,""char"":""箱"",""error_prob"":0.9872},{""offset"":69,""char"":""超"",""error_prob"":0.8452},{""offset"":207,""char"":""絕"",""error_prob"":0.9037},{""offset"":233,""char"":""省"",""error_prob"":0.863},{""offset"":303,""char"":""祝"",""error_prob"":0.9669},{""offset"":325,""char"":""米"",""error_prob"":0.9953},{""offset"":327,""char"":""與"",""error_prob"":0.9155},{""offset"":377,""char"":""淸"",""error_prob"":0.9602},{""offset"":398,""char"":""林"",""error_prob"":0.8771},{""offset"":404,""char"":""霖"",""error_prob"":0.8274},{""offset"":428,""char"":""招"",""error_prob"":0.8357},{""offset"":450,""char"":""吸"",""error_prob"":0.9565},{""offset"":460,""char"":""业"",""error_prob"":0.9438},{""offset"":463,""char"":""莘"",""error_prob"":0.9704},{""offset"":474,""char"":""救"",""error_prob"":0.9802},{""offset"":487,""char"":""與"",""error_prob"":0.9153},{""offset"":522,""char"":""洗"",""error_prob"":0.8667},{""offset"":614,""char"":""教"",""error_prob"":0.856},{""offset"":641,""char"":""影"",""error_prob"":0.9137},{""offset"":722,""char"":""鄜"",""error_prob"":0.9618},{""offset"":736,""char"":""永"",""error_prob"":0.8804},{""offset"":880,""char"":""墋"",""error_prob"":0.8723}]"
520,"[{""offset"":53,""char"":""桥"",""error_prob"":0.9102},{""offset"":54,""char"":""业"",""error_prob"":0.8756},{""offset"":78,""char"":""脊"",""error_prob"":0.8164},{""offset"":104,""char"":""炒"",""error_prob"":0.8784},{""offset"":113,""char"":""米"",""error_prob"":0.9088},{""offset"":114,""char"":""业"",""error_prob"":0.8622},{""offset"":225,""char"":""杭"",""error_prob"":0.8797},{""offset"":241,""char"":""麻"",""error_prob"":0.9363},{""offset"":251,""char"":""啡"",""error_prob"":0.9892},{""offset"":260,""char"":""粱"",""error_prob"":0.8926},{""offset"":263,""char"":""双"",""error_prob"":0.8508},{""offset"":268,""char"":""营"",""error_prob"":0.9478},{""offset"":272,""char"":""伙"",""error_prob"":0.9783},{""offset"":275,""char"":""杭"",""error_prob"":0.8839},{""offset"":294,""char"":""国"",""error_prob"":0.8708},{""offset"":300,""char"":""洲"",""error_prob"":0.9601},{""offset"":315,""char"":""做"",""error_prob"":0.9582},{""offset"":329,""char"":""浙"",""error_prob"":0.9229},{""offset"":349,""char"":""创"",""error_prob"":0.8854},{""offset"":354,""char"":""婴"",""error_prob"":0.9608},{""offset"":355,""char"":""献"",""error_prob"":0.9277},{""offset"":364,""char"":""洮"",""error_prob"":0.8867},{""offset"":380,""char"":""隧"",""error_prob"":0.9145},{""offset"":415,""char"":""股"",""error_prob"":0.8022},{""offset"":422,""char"":""沂"",""error_prob"":0.966},{""offset"":454,""char"":""忄"",""error_prob"":0.8968},{""offset"":503,""char"":""业"",""error_prob"":0.89},{""offset"":528,""char"":""褓"",""error_prob"":0.8743},{""offset"":565,""char"":""减"",""error_prob"":0.8599},{""offset"":583,""char"":""椰"",""error_prob"":0.9622},{""offset"":584,""char"":""索"",""error_prob"":0.8132},{""offset"":595,""char"":""级"",""error_prob"":0.9952},{""offset"":600,""char"":""桥"",""error_prob"":0.9924},{""offset"":613,""char"":""楼"",""error_prob"":0.9109},{""offset"":614,""char"":""诚"",""error_prob"":0.8469},{""offset"":617,""char"":""滨"",""error_prob"":0.8711},{""offset"":619,""char"":""业"",""error_prob"":0.8212},{""offset"":626,""char"":""亚"",""error_prob"":0.9639},{""offset"":637,""char"":""榮"",""error_prob"":0.8735},{""offset"":646,""char"":""北"",""error_prob"":0.9549},{""offset"":651,""char"":""金"",""error_prob"":0.8237},{""offset"":662,""char"":""发"",""error_prob"":0.8822},{""offset"":676,""char"":""北"",""error_prob"":0.8242},{""offset"":678,""char"":""滨"",""error_prob"":0.9438},{""offset"":680,""char"":""卖"",""error_prob"":0.9968},{""offset"":692,""char"":""阁"",""error_prob"":0.9715},{""offset"":700,""char"":""智"",""error_prob"":0.8136},{""offset"":719,""char"":""涣"",""error_prob"":0.9189},{""offset"":726,""char"":""救"",""error_prob"":0.9608},{""offset"":750,""char"":""己"",""error_prob"":0.9205},{""offset"":755,""char"":""伙"",""error_prob"":0.9939},{""offset"":760,""char"":""你"",""error_prob"":0.9764},{""offset"":767,""char"":""杰"",""error_prob"":0.8097},{""offset"":810,""char"":""草"",""error_prob"":0.8728},{""offset"":811,""char"":""味"",""error_prob"":0.8654},{""offset"":816,""char"":""浙"",""error_prob"":0.9796},{""offset"":819,""char"":""洲"",""error_prob"":0.8089},{""offset"":864,""char"":""店"",""error_prob"":0.9843},{""offset"":866,""char"":""娜"",""error_prob"":0.8763},{""offset"":888,""char"":""亚"",""error_prob"":0.8913},{""offset"":897,""char"":""茫"",""error_prob"":0.9029},{""offset"":908,""char"":""级"",""error_prob"":0.9894},{""offset"":951,""char"":""尙"",""error_prob"":0.8286},{""offset"":962,""char"":""惺"",""error_prob"":0.9417},{""offset"":1004,""char"":""檻"",""error_prob"":0.8065},{""offset"":1006,""char"":""浙"",""error_prob"":0.9675},{""offset"":1009,""char"":""匯"",""error_prob"":0.9213},{""offset"":1038,""char"":""做"",""error_prob"":0.9715}]"
521,"[{""offset"":12,""char"":""陟"",""error_prob"":0.8223},{""offset"":92,""char"":""缴"",""error_prob"":0.9934},{""offset"":112,""char"":""北"",""error_prob"":0.9899},{""offset"":182,""char"":""整"",""error_prob"":0.828},{""offset"":283,""char"":""徜"",""error_prob"":0.9945},{""offset"":427,""char"":""茍"",""error_prob"":0.9617},{""offset"":428,""char"":""卿"",""error_prob"":0.8812},{""offset"":523,""char"":""面"",""error_prob"":0.9785},{""offset"":661,""char"":""塤"",""error_prob"":0.9721},{""offset"":866,""char"":""北"",""error_prob"":0.9644},{""offset"":916,""char"":""奥"",""error_prob"":0.9796},{""offset"":988,""char"":""牡"",""error_prob"":0.8435},{""offset"":1028,""char"":""問"",""error_prob"":0.8012},{""offset"":1029,""char"":""之"",""error_prob"":0.8265}]"
522,"[{""offset"":57,""char"":""龍"",""error_prob"":0.9822},{""offset"":170,""char"":""米"",""error_prob"":0.9988},{""offset"":213,""char"":""衙"",""error_prob"":0.9781},{""offset"":234,""char"":""己"",""error_prob"":0.8935},{""offset"":333,""char"":""附"",""error_prob"":0.9163},{""offset"":346,""char"":""褻"",""error_prob"":0.9905},{""offset"":405,""char"":""郖"",""error_prob"":0.9824},{""offset"":438,""char"":""術"",""error_prob"":0.9934}]"
523,"[{""offset"":29,""char"":""約"",""error_prob"":0.8342},{""offset"":71,""char"":""曰"",""error_prob"":0.9989},{""offset"":123,""char"":""曰"",""error_prob"":0.9977}]"
524,[]
525,[]
526,"[{""offset"":43,""char"":""束"",""error_prob"":0.9761},{""offset"":52,""char"":""楊"",""error_prob"":0.9741},{""offset"":258,""char"":""干"",""error_prob"":0.9944}]"
527,"[{""offset"":203,""char"":""旣"",""error_prob"":0.9091}]"
528,"[{""offset"":61,""char"":""曰"",""error_prob"":0.9795},{""offset"":251,""char"":""到"",""error_prob"":0.868},{""offset"":323,""char"":""曰"",""error_prob"":0.9954},{""offset"":341,""char"":""壮"",""error_prob"":0.9432},{""offset"":487,""char"":""朦"",""error_prob"":0.9806}]"
529,"[{""offset"":18,""char"":""年"",""error_prob"":0.9312},{""offset"":108,""char"":""獣"",""error_prob"":0.8311},{""offset"":117,""char"":""烏"",""error_prob"":0.9044},{""offset"":156,""char"":""柳"",""error_prob"":0.8247},{""offset"":174,""char"":""鷠"",""error_prob"":0.8957},{""offset"":355,""char"":""况"",""error_prob"":0.9852}]"
530,"[{""offset"":330,""char"":""功"",""error_prob"":0.8091},{""offset"":381,""char"":""丘"",""error_prob"":0.8876},{""offset"":439,""char"":""曰"",""error_prob"":0.9973}]"
531,"[{""offset"":372,""char"":""斃"",""error_prob"":0.9187}]"
532,"[{""offset"":26,""char"":""渡"",""error_prob"":0.955},{""offset"":39,""char"":""革"",""error_prob"":0.9842},{""offset"":58,""char"":""間"",""error_prob"":0.8915}]"
533,"[{""offset"":93,""char"":""畫"",""error_prob"":0.8702}]"
534,[]
535,"[{""offset"":152,""char"":""攺"",""error_prob"":0.9912}]"
536,[]
537,"[{""offset"":110,""char"":""辖"",""error_prob"":0.9857}]"
538,"[{""offset"":148,""char"":""隹"",""error_prob"":0.9937}]"
539,"[{""offset"":75,""char"":""銦"",""error_prob"":0.8223},{""offset"":195,""char"":""淂"",""error_prob"":0.9653}]"
540,[]
541,"[{""offset"":24,""char"":""盡"",""error_prob"":0.986},{""offset"":29,""char"":""隹"",""error_prob"":0.988},{""offset"":146,""char"":""隹"",""error_prob"":0.9951},{""offset"":215,""char"":""盡"",""error_prob"":0.9467}]"
542,[]
543,"[{""offset"":0,""char"":""義"",""error_prob"":0.9975},{""offset"":1,""char"":""員"",""error_prob"":0.9962},{""offset"":2,""char"":""於"",""error_prob"":0.9969},{""offset"":4,""char"":""熠"",""error_prob"":0.9937},{""offset"":5,""char"":""單"",""error_prob"":0.9872},{""offset"":68,""char"":""憶"",""error_prob"":0.9867}]"
544,"[{""offset"":29,""char"":""具"",""error_prob"":0.9935},{""offset"":322,""char"":""麥"",""error_prob"":0.9661},{""offset"":323,""char"":""冩"",""error_prob"":0.8901}]"
545,"[{""offset"":55,""char"":""楽"",""error_prob"":0.8701},{""offset"":237,""char"":""欲"",""error_prob"":0.9647},{""offset"":332,""char"":""汜"",""error_prob"":0.8653},{""offset"":409,""char"":""徇"",""error_prob"":0.8008}]"
546,"[{""offset"":252,""char"":""义"",""error_prob"":0.9937},{""offset"":383,""char"":""河"",""error_prob"":0.9962},{""offset"":404,""char"":""益"",""error_prob"":0.8991},{""offset"":478,""char"":""裎"",""error_prob"":0.9942},{""offset"":494,""char"":""圎"",""error_prob"":0.9909},{""offset"":495,""char"":""國"",""error_prob"":0.9908},{""offset"":496,""char"":""白"",""error_prob"":0.9852},{""offset"":497,""char"":""其"",""error_prob"":0.9897},{""offset"":498,""char"":""所"",""error_prob"":0.9861}]"
547,"[{""offset"":140,""char"":""干"",""error_prob"":0.9789}]"
